PRODUCT NAME,HSN CODE,UOM,MRP,COST,GST,RETAIL,WHOLESALE,SUPPLIER,RACK,INITIAL STK,STATUS
FEV Marine 50 KG,3506,PC,18265,14813,18%,16600,16300,ABIRAMI AGENCY,,1,AVAILABLE
FEV Marine 20 KG,3506,PC,7615,6162,18%,6900,6780,ABIRAMI AGENCY,,1,AVAILABLE
FEV Marine 10 KG,3506,PC,3950,3205,18%,3600,3525,ABIRAMI AGENCY,,1,AVAILABLE
FEV Marine 5 KG,3506,PC,2060,1657,18%,1850,1825,ABIRAMI AGENCY,,1,AVAILABLE
FEV Marine 2 KG,3506,PC,865,694,18%,780,760,ABIRAMI AGENCY,,1,AVAILABLE
FEV Marine 1 KG,3506,PC,465,361,18%,410,400,ABIRAMI AGENCY,,1,AVAILABLE
FEV HiPer 50 KG,3506,PC,21130,17163,18%,19200,18850,ABIRAMI AGENCY,,1,AVAILABLE
FEV HiPer 20 KG,3506,PC,8690,7066,18%,7900,7750,ABIRAMI AGENCY,,1,AVAILABLE
FEV HiPer 10 KG,3506,PC,4495,3651,18%,4100,4000,ABIRAMI AGENCY,,1,AVAILABLE
FEV HiPer 5 KG,3506,PC,2365,1899,18%,2125,2080,ABIRAMI AGENCY,,1,AVAILABLE
FEV HiPer 2 KG,3506,PC,1010,789,18%,890,870,ABIRAMI AGENCY,,1,AVAILABLE
FEV HiPer 1 KG,3506,PC,525,411,18%,460,450,ABIRAMI AGENCY,,1,AVAILABLE
FEV Probond 20 KG,3506,PC,9215,7517,18%,8420,8270,ABIRAMI AGENCY,,1,AVAILABLE
FEV Probond 10 KG,3506,PC,4685,3789,18%,4250,4150,ABIRAMI AGENCY,,1,AVAILABLE
FEV Probond 5 KG,3506,PC,2495,1977,18%,2225,2175,ABIRAMI AGENCY,,1,AVAILABLE
FEV Probond 1 KG,3506,PC,540,411,18%,460,450,ABIRAMI AGENCY,,1,AVAILABLE
FEV Probond 500 GM,3506,PC,305,229,18%,260,250,ABIRAMI AGENCY,,1,AVAILABLE
FEV SH 50 KG,3506,PC,14780,11512,18%,12900,12650,ABIRAMI AGENCY,,1,AVAILABLE
FEV SH 20 KG,3506,PC,6240,4875,18%,5450,5350,ABIRAMI AGENCY,,1,AVAILABLE
FEV SH 10 KG,3506,PC,3280,2565,18%,2880,2820,ABIRAMI AGENCY,,1,AVAILABLE
FEV SH 5 KG,3506,PC,1705,1336,18%,1500,1470,ABIRAMI AGENCY,,1,AVAILABLE
FEV SH 2 KG,3506,PC,725,556,18%,625,610,ABIRAMI AGENCY,,1,AVAILABLE
FEV SH 1 KG,3506,PC,395,291,18%,325,320,ABIRAMI AGENCY,,1,AVAILABLE
FEV SH 500 GM,3506,PC,215,156,18%,175,170,ABIRAMI AGENCY,,1,AVAILABLE
FEV SH 250 GM,3506,PC,120,87,18%,100,95,ABIRAMI AGENCY,,1,AVAILABLE
FEV SH 125 GM,3506,PC,70,47,18%,55,50,ABIRAMI AGENCY,,1,AVAILABLE
FEV SH 50 GM,3506,PC,40,24,18%,30,27,ABIRAMI AGENCY,,1,AVAILABLE
FEV SH 1 KG,3506,PC,405,256,18%,290,280,ABIRAMI AGENCY,,1,AVAILABLE
FEV Heatex 5 LT,3506,PC,2975,2420,18%,2700,2650,ABIRAMI AGENCY,,1,AVAILABLE
FEV Heatex 2 LT,3506,PC,1255,1001,18%,1120,1100,ABIRAMI AGENCY,,1,AVAILABLE
FEV Heatex 1 LT,3506,PC,655,516,18%,580,560,ABIRAMI AGENCY,,1,AVAILABLE
FEV Heatex 500 ML,3506,PC,350,266,18%,300,290,ABIRAMI AGENCY,,1,AVAILABLE
FEV Heatex 200 ML,3506,PC,175,125,18%,140,135,ABIRAMI AGENCY,,1,AVAILABLE
FEV Heatex 100 ML,3506,PC,100,69,18%,80,75,ABIRAMI AGENCY,,1,AVAILABLE
FEV SR 5 LT,3506,PC,2445,2029,18%,2275,2230,ABIRAMI AGENCY,,1,AVAILABLE
FEV SR 2 LT,3506,PC,1020,847,18%,950,930,ABIRAMI AGENCY,,1,AVAILABLE
FEV SR 1 LT,3506,PC,560,434,18%,490,480,ABIRAMI AGENCY,,1,AVAILABLE
FEV SR 500 ML,3506,PC,300,235,18%,265,260,ABIRAMI AGENCY,,1,AVAILABLE
FEV SR 200 ML,3506,PC,155,108,18%,125,120,ABIRAMI AGENCY,,1,AVAILABLE
FEV SR 100 ML,3506,PC,95,61,18%,70,65,ABIRAMI AGENCY,,1,AVAILABLE
FEV MARINEKOAT 5 LT,3506,PC,4205,3226,18%,3600,3550,ABIRAMI AGENCY,,1,AVAILABLE
FEV MARINEKOAT 1 LT,3506,PC,865,663,18%,750,730,ABIRAMI AGENCY,,1,AVAILABLE
FEV MARINEKOAT 500 ML,3506,PC,465,353,18%,400,390,ABIRAMI AGENCY,,1,AVAILABLE
FEV 1K PUR 500 GM,3506,PC,595,396,18%,450,435,ABIRAMI AGENCY,,1,AVAILABLE
ACE EDISON 8W PANEL RD-WH,9405,PC,550,312,18%,400,340,CHANDAN LITES,,1,AVAILABLE
ACE EDISON 8W PANEL RD-WW,9405,PC,550,312,18%,400,340,CHANDAN LITES,,1,AVAILABLE
ACE EDISON 8W PANEL RD-NW,9405,PC,550,312,18%,400,340,CHANDAN LITES,,1,AVAILABLE
ACE EDISON 8W PANEL SQ-WH,9405,PC,550,312,18%,400,340,CHANDAN LITES,,1,AVAILABLE
ACE EDISON 8W PANEL SQ-WW,9405,PC,550,312,18%,400,340,CHANDAN LITES,,1,AVAILABLE
ACE EDISON 8W PANEL SQ-NW,9405,PC,550,312,18%,400,340,CHANDAN LITES,,1,AVAILABLE
ACE EDISON 15W PANEL RD-WH,9405,PC,800,453,18%,580,495,CHANDAN LITES,,1,AVAILABLE
ACE EDISON 15W PANEL RD-WW,9405,PC,800,453,18%,580,495,CHANDAN LITES,,1,AVAILABLE
ACE EDISON 15W PANEL RD-NW,9405,PC,800,453,18%,580,495,CHANDAN LITES,,1,AVAILABLE
ACE EDISON 15W PANEL SQ-WH,9405,PC,800,453,18%,580,495,CHANDAN LITES,,1,AVAILABLE
ACE EDISON 15W PANEL SQ-WW,9405,PC,800,453,18%,580,495,CHANDAN LITES,,1,AVAILABLE
ACE EDISON 15W PANEL SQ-NW,9405,PC,800,453,18%,580,495,CHANDAN LITES,,1,AVAILABLE
ACE EDISON 22W PANEL RD-WH,9405,PC,1200,680,18%,870,745,CHANDAN LITES,,1,AVAILABLE
ACE EDISON 22W PANEL RD-WW,9405,PC,1200,680,18%,870,745,CHANDAN LITES,,1,AVAILABLE
ACE EDISON 22W PANEL RD-NW,9405,PC,1200,680,18%,870,745,CHANDAN LITES,,1,AVAILABLE
ACE EDISON 22W PANEL SQ-WH,9405,PC,1200,680,18%,870,745,CHANDAN LITES,,1,AVAILABLE
ACE EDISON 22W PANEL SQ-WW,9405,PC,1200,680,18%,870,745,CHANDAN LITES,,1,AVAILABLE
ACE EDISON 22W PANEL SQ-NW,9405,PC,1200,680,18%,870,745,CHANDAN LITES,,1,AVAILABLE
ACE EDISON 8W PANEL RD-3IN1,9405,PC,600,340,18%,435,370,CHANDAN LITES,,1,AVAILABLE
ACE EDISON 8W PANEL SQ-3IN1,9405,PC,600,340,18%,435,370,CHANDAN LITES,,1,AVAILABLE
ACE EDISON 15W PANEL RD-3IN1,9405,PC,900,510,18%,650,560,CHANDAN LITES,,1,AVAILABLE
ACE EDISON 15W PANEL SQ-3IN1,9405,PC,900,510,18%,650,560,CHANDAN LITES,,1,AVAILABLE
ACE EDISON 22W PANEL RD-3IN1,9405,PC,1300,736,18%,940,810,CHANDAN LITES,,1,AVAILABLE
ACE EDISON 22W PANEL SQ-3IN1,9405,PC,1300,736,18%,940,810,CHANDAN LITES,,1,AVAILABLE
ACE PANEL 3W RD-WH,9405,PC,320,181,18%,230,200,CHANDAN LITES,,1,AVAILABLE
ACE PANEL 3W RD-WW,9405,PC,320,181,18%,230,200,CHANDAN LITES,,1,AVAILABLE
ACE PANEL 3W RD-NW,9405,PC,320,181,18%,230,200,CHANDAN LITES,,1,AVAILABLE
ACE PANEL 3W SQ-WH,9405,PC,320,181,18%,230,200,CHANDAN LITES,,1,AVAILABLE
ACE PANEL 3W SQ-WW,9405,PC,320,181,18%,230,200,CHANDAN LITES,,1,AVAILABLE
ACE PANEL 3W SQ-NW,9405,PC,320,181,18%,230,200,CHANDAN LITES,,1,AVAILABLE
ACE PANEL 8W RD-WH,9405,PC,440,249,18%,320,275,CHANDAN LITES,,1,AVAILABLE
ACE PANEL 8W RD-WW,9405,PC,440,249,18%,320,275,CHANDAN LITES,,1,AVAILABLE
ACE PANEL 8W RD-NW,9405,PC,440,249,18%,320,275,CHANDAN LITES,,1,AVAILABLE
ACE PANEL 8W SQ-WH,9405,PC,440,249,18%,320,275,CHANDAN LITES,,1,AVAILABLE
ACE PANEL 8W SQ-WW,9405,PC,440,249,18%,320,275,CHANDAN LITES,,1,AVAILABLE
ACE PANEL 8W SQ-NW,9405,PC,440,249,18%,320,275,CHANDAN LITES,,1,AVAILABLE
ACE PANEL 12W RD-WH,9405,PC,550,312,18%,400,340,CHANDAN LITES,,1,AVAILABLE
ACE PANEL 12W RD-WW,9405,PC,550,312,18%,400,340,CHANDAN LITES,,1,AVAILABLE
ACE PANEL 12W RD-NW,9405,PC,550,312,18%,400,340,CHANDAN LITES,,1,AVAILABLE
ACE PANEL 12W SQ-WH,9405,PC,550,312,18%,400,340,CHANDAN LITES,,1,AVAILABLE
ACE PANEL 12W SQ-WW,9405,PC,550,312,18%,400,340,CHANDAN LITES,,1,AVAILABLE
ACE PANEL 12W SQ-NW,9405,PC,550,312,18%,400,340,CHANDAN LITES,,1,AVAILABLE
ACE PANEL 15W RD-WH,9405,PC,660,374,18%,475,410,CHANDAN LITES,,1,AVAILABLE
ACE PANEL 15W RD-WW,9405,PC,660,374,18%,475,410,CHANDAN LITES,,1,AVAILABLE
ACE PANEL 15W RD-NW,9405,PC,660,374,18%,475,410,CHANDAN LITES,,1,AVAILABLE
ACE PANEL 15W SQ-WH,9405,PC,660,374,18%,475,410,CHANDAN LITES,,1,AVAILABLE
ACE PANEL 15W SQ-WW,9405,PC,660,374,18%,475,410,CHANDAN LITES,,1,AVAILABLE
ACE PANEL 15W SQ-NW,9405,PC,660,374,18%,475,410,CHANDAN LITES,,1,AVAILABLE
ACE PANEL 18W RD-WH,9405,PC,880,498,18%,635,545,CHANDAN LITES,,1,AVAILABLE
ACE PANEL 18W RD-WW,9405,PC,880,498,18%,635,545,CHANDAN LITES,,1,AVAILABLE
ACE PANEL 18W RD-NW,9405,PC,880,498,18%,635,545,CHANDAN LITES,,1,AVAILABLE
ACE PANEL 18W SQ-WH,9405,PC,880,498,18%,635,545,CHANDAN LITES,,1,AVAILABLE
ACE PANEL 18W SQ-WW,9405,PC,880,498,18%,635,545,CHANDAN LITES,,1,AVAILABLE
ACE PANEL 18W SQ-NW,9405,PC,880,498,18%,635,545,CHANDAN LITES,,1,AVAILABLE
ACE PANEL 22W RD-WH,9405,PC,990,561,18%,715,615,CHANDAN LITES,,1,AVAILABLE
ACE PANEL 22W RD-WW,9405,PC,990,561,18%,715,615,CHANDAN LITES,,1,AVAILABLE
ACE PANEL 22W RD-NW,9405,PC,990,561,18%,715,615,CHANDAN LITES,,1,AVAILABLE
ACE PANEL 22W SQ-WH,9405,PC,990,561,18%,715,615,CHANDAN LITES,,1,AVAILABLE
ACE PANEL 22W SQ-WW,9405,PC,990,561,18%,715,615,CHANDAN LITES,,1,AVAILABLE
ACE PANEL 22W SQ-NW,9405,PC,990,561,18%,715,615,CHANDAN LITES,,1,AVAILABLE
ACE PANEL 30W RD-WH,9405,PC,1650,935,18%,1200,1025,CHANDAN LITES,,1,AVAILABLE
ACE PANEL 30W RD-WW,9405,PC,1650,935,18%,1200,1025,CHANDAN LITES,,1,AVAILABLE
ACE PANEL 30W RD-NW,9405,PC,1650,935,18%,1200,1025,CHANDAN LITES,,1,AVAILABLE
ACE PANEL 30W SQ-WH,9405,PC,1650,935,18%,1200,1025,CHANDAN LITES,,1,AVAILABLE
ACE PANEL 30W SQ-WW,9405,PC,1650,935,18%,1200,1025,CHANDAN LITES,,1,AVAILABLE
ACE PANEL 30W SQ-NW,9405,PC,1650,935,18%,1200,1025,CHANDAN LITES,,1,AVAILABLE
ACE PANEL 48W SQ-WH,9405,PC,3900,2209,18%,2800,2400,CHANDAN LITES,,1,AVAILABLE
ACE PANEL 48W SQ-WW,9405,PC,3900,2209,18%,2800,2400,CHANDAN LITES,,1,AVAILABLE
ACE PANEL 48W SQ-NW,9405,PC,3900,2209,18%,2800,2400,CHANDAN LITES,,1,AVAILABLE
ACE SURFACE 8W-RD-WH,9405,PC,550,312,18%,400,340,CHANDAN LITES,,1,AVAILABLE
ACE SURFACE 8W-RD-WW,9405,PC,550,312,18%,400,340,CHANDAN LITES,,1,AVAILABLE
ACE SURFACE 8W-RD-NW,9405,PC,550,312,18%,400,340,CHANDAN LITES,,1,AVAILABLE
ACE SURFACE 15W-RD-WH,9405,PC,830,470,18%,600,515,CHANDAN LITES,,1,AVAILABLE
ACE SURFACE 15W-RD-WW,9405,PC,830,470,18%,600,515,CHANDAN LITES,,1,AVAILABLE
ACE SURFACE 15W-RD-NW,9405,PC,830,470,18%,600,515,CHANDAN LITES,,1,AVAILABLE
ACE SURFACE 22W-RD-WH,9405,PC,1100,623,18%,790,680,CHANDAN LITES,,1,AVAILABLE
ACE SURFACE 22W-RD-WW,9405,PC,1100,623,18%,790,680,CHANDAN LITES,,1,AVAILABLE
ACE SURFACE 22W-RD-NW,9405,PC,1100,623,18%,790,680,CHANDAN LITES,,1,AVAILABLE
ACE SURFACE 8W-SQ-WH,9405,PC,550,312,18%,400,340,CHANDAN LITES,,1,AVAILABLE
ACE SURFACE 8W-SQ-WW,9405,PC,550,312,18%,400,340,CHANDAN LITES,,1,AVAILABLE
ACE SURFACE 8W-SQ-NW,9405,PC,550,312,18%,400,340,CHANDAN LITES,,1,AVAILABLE
ACE SURFACE 15W-SQ-WH,9405,PC,830,470,18%,600,515,CHANDAN LITES,,1,AVAILABLE
ACE SURFACE 15W-SQ-WW,9405,PC,830,470,18%,600,515,CHANDAN LITES,,1,AVAILABLE
ACE SURFACE 15W-SQ-NW,9405,PC,830,470,18%,600,515,CHANDAN LITES,,1,AVAILABLE
ACE SURFACE 22W-SQ-WH,9405,PC,1100,623,18%,790,680,CHANDAN LITES,,1,AVAILABLE
ACE SURFACE 22W-SQ-WW,9405,PC,1100,623,18%,790,680,CHANDAN LITES,,1,AVAILABLE
ACE SURFACE 22W-SQ-NW,9405,PC,1100,623,18%,790,680,CHANDAN LITES,,1,AVAILABLE
ACE SURFACE 30W-RD-WH,9405,PC,1980,1121,18%,1425,1225,CHANDAN LITES,,1,AVAILABLE
ACE SURFACE 15W-SQ-3IN1,9405,PC,880,498,18%,635,545,CHANDAN LITES,,1,AVAILABLE
ACE SURFACE 22W-SQ-3IN1,9405,PC,1210,685,18%,870,750,CHANDAN LITES,,1,AVAILABLE
ACE SURFACE 15W-RD-3IN1,9405,PC,880,498,18%,635,545,CHANDAN LITES,,1,AVAILABLE
ACE SURFACE 22W-RD-3IN1,9405,PC,1210,685,18%,870,750,CHANDAN LITES,,1,AVAILABLE
ACE CLASSIC COB 3W RD-WH,9405,PC,600,340,18%,435,370,CHANDAN LITES,,1,AVAILABLE
ACE CLASSIC COB 3W RD-WW,9405,PC,600,340,18%,435,370,CHANDAN LITES,,1,AVAILABLE
ACE CLASSIC COB 6W RD-WH,9405,PC,800,453,18%,575,495,CHANDAN LITES,,1,AVAILABLE
ACE CLASSIC COB 6W RD-WW,9405,PC,800,453,18%,575,495,CHANDAN LITES,,1,AVAILABLE
ACE CLASSIC COB 9W RD-WH,9405,PC,1000,566,18%,720,620,CHANDAN LITES,,1,AVAILABLE
ACE CLASSIC COB 9W RD-WW,9405,PC,1000,566,18%,720,620,CHANDAN LITES,,1,AVAILABLE
ACE JIO COB 6W RD-WH,9405,PC,650,368,18%,470,400,CHANDAN LITES,,1,AVAILABLE
ACE JIO COB 9W RD-WH,9405,PC,800,453,18%,575,495,CHANDAN LITES,,1,AVAILABLE
ACE JIO COB 12W RD-WH,9405,PC,950,538,18%,685,590,CHANDAN LITES,,1,AVAILABLE
ACE JIO COB 16W RD-WH,9405,PC,1200,680,18%,865,745,CHANDAN LITES,,1,AVAILABLE
ACE JIO COB 24W RD-WH,9405,PC,1750,991,18%,1260,1100,CHANDAN LITES,,1,AVAILABLE
ACE JIO COB 30W RD-WH,9405,PC,1900,1076,18%,1370,1180,CHANDAN LITES,,1,AVAILABLE
ACE JIO COB 50W RD-WH,9405,PC,3000,1699,18%,2160,1860,CHANDAN LITES,,1,AVAILABLE
ACE JIO COB 6W RD-WW,9405,PC,650,368,18%,470,400,CHANDAN LITES,,1,AVAILABLE
ACE JIO COB 9W RD-WW,9405,PC,800,453,18%,575,495,CHANDAN LITES,,1,AVAILABLE
ACE JIO COB 12W RD-WW,9405,PC,950,538,18%,685,590,CHANDAN LITES,,1,AVAILABLE
ACE JIO COB 16W RD-WW,9405,PC,1200,680,18%,865,745,CHANDAN LITES,,1,AVAILABLE
ACE JIO COB 24W RD-WW,9405,PC,1750,991,18%,1260,1100,CHANDAN LITES,,1,AVAILABLE
ACE JIO COB 30W RD-WW,9405,PC,1900,1076,18%,1370,1180,CHANDAN LITES,,1,AVAILABLE
ACE JIO COB 50W RD-WW,9405,PC,3000,1699,18%,2160,1860,CHANDAN LITES,,1,AVAILABLE
ACE JUPITER COB 16W RD-WH,9405,PC,1100,623,18%,790,680,CHANDAN LITES,,1,AVAILABLE
ACE JUPITER COB 24W RD-WH,9405,PC,1600,906,18%,1150,990,CHANDAN LITES,,1,AVAILABLE
ACE JUPITER COB 30W RD-WH,9405,PC,1900,1076,18%,1370,1180,CHANDAN LITES,,1,AVAILABLE
ACE JUPITER COB 16W RD-WW,9405,PC,1100,623,18%,790,680,CHANDAN LITES,,1,AVAILABLE
ACE JUPITER COB 24W RD-WW,9405,PC,1600,906,18%,1150,990,CHANDAN LITES,,1,AVAILABLE
ACE JUPITER COB 30W RD-WW,9405,PC,1900,1076,18%,1370,1180,CHANDAN LITES,,1,AVAILABLE
ACE-118SF CUBE 3W-BKRG-WW,9405,PC,300,170,18%,220,185,CHANDAN LITES,,1,AVAILABLE
ACE 138-3 3IN1 JUN BOX,9405,PC,220,125,18%,160,135,CHANDAN LITES,,1,AVAILABLE
ACE 127A 3W WH,9405,PC,160,91,18%,115,100,CHANDAN LITES,,1,AVAILABLE
ACE 127A 3W WW,9405,PC,160,91,18%,115,100,CHANDAN LITES,,1,AVAILABLE
ACE 127A 3W BL,9405,PC,170,96,18%,120,105,CHANDAN LITES,,1,AVAILABLE
ACE 127A 3W GR,9405,PC,170,96,18%,120,105,CHANDAN LITES,,1,AVAILABLE
ACE 127A 3W PINK,9405,PC,170,96,18%,120,105,CHANDAN LITES,,1,AVAILABLE
ACE 190-6 3IN1 BLK,9405,PC,350,198,18%,250,215,CHANDAN LITES,,1,AVAILABLE
ACE 190-6 3IN1 WHT,9405,PC,350,198,18%,250,215,CHANDAN LITES,,1,AVAILABLE
ACE 139-10W STACO-WH,9405,PC,250,142,18%,180,155,CHANDAN LITES,,1,AVAILABLE
ACE 139-10W STACO-WW,9405,PC,250,142,18%,180,155,CHANDAN LITES,,1,AVAILABLE
ACE 121-1W RD-WW,9405,PC,150,85,18%,110,95,CHANDAN LITES,,1,AVAILABLE
ACE 421-3W RD-WW,9405,PC,240,136,18%,175,150,CHANDAN LITES,,1,AVAILABLE
ACE 869A STRICKER 3W-WH,9405,PC,140,79,18%,100,85,CHANDAN LITES,,1,AVAILABLE
ACE 869A STRICKER 3W-WW,9405,PC,140,79,18%,100,85,CHANDAN LITES,,1,AVAILABLE
ACE 869A STRICKER 3W-BL,9405,PC,160,91,18%,115,100,CHANDAN LITES,,1,AVAILABLE
ACE 869A STRICKER 3W-GR,9405,PC,160,91,18%,115,100,CHANDAN LITES,,1,AVAILABLE
ACE 869A STRICKER 3W-PK,9405,PC,160,91,18%,115,100,CHANDAN LITES,,1,AVAILABLE
ACE 869A STRICKER 3W-RGB,9405,PC,240,136,18%,175,150,CHANDAN LITES,,1,AVAILABLE
ACE 135 WL 3W-WH,9405,PC,610,346,18%,440,380,CHANDAN LITES,,1,AVAILABLE
ACE 135 WL 6W-WH,9405,PC,860,487,18%,620,530,CHANDAN LITES,,1,AVAILABLE
ACE 135 WL 9W-WH,9405,PC,1100,623,18%,790,680,CHANDAN LITES,,1,AVAILABLE
ACE 135 WL 16W-WH,9405,PC,1650,935,18%,1190,1025,CHANDAN LITES,,1,AVAILABLE
ACE 135 WL 30W-WH,9405,PC,2200,1246,18%,1590,1370,CHANDAN LITES,,1,AVAILABLE
ACE 135 WL 50W-WH,9405,PC,3300,1869,18%,2375,2045,CHANDAN LITES,,1,AVAILABLE
ACE 135 WL 3W-WW,9405,PC,610,346,18%,440,380,CHANDAN LITES,,1,AVAILABLE
ACE 135 WL 6W-WW,9405,PC,860,487,18%,620,530,CHANDAN LITES,,1,AVAILABLE
ACE 135 WL 9W-WW,9405,PC,1100,623,18%,790,680,CHANDAN LITES,,1,AVAILABLE
ACE 135 WL 16W-WW,9405,PC,1650,935,18%,1190,1025,CHANDAN LITES,,1,AVAILABLE
ACE 135 WL 30W-WW,9405,PC,2200,1246,18%,1590,1370,CHANDAN LITES,,1,AVAILABLE
ACE 135 WL 50W-WW,9405,PC,3300,1869,18%,2375,2045,CHANDAN LITES,,1,AVAILABLE
ACE 155 WL-BK 3W-WW,9405,PC,720,408,18%,520,445,CHANDAN LITES,,1,AVAILABLE
ACE 155 WL-BK 6W-WW,9405,PC,1050,595,18%,755,650,CHANDAN LITES,,1,AVAILABLE
ACE 155 WL-BK 9W-WW,9405,PC,1430,810,18%,1030,880,CHANDAN LITES,,1,AVAILABLE
ACE 570-4W SCALE 1FEET-WH,9405,PC,350,198,18%,250,215,CHANDAN LITES,,1,AVAILABLE
ACE 570-8W SCALE 2FEET-WH,9405,PC,500,283,18%,360,310,CHANDAN LITES,,1,AVAILABLE
ACE 570-12W SCALE 3FEET-WH,9405,PC,700,396,18%,500,435,CHANDAN LITES,,1,AVAILABLE
ACE 570-18W SCALE 4FEET-WH,9405,PC,1000,566,18%,720,620,CHANDAN LITES,,1,AVAILABLE
ACE 570-4W SCALE 1FEET-WW,9405,PC,350,198,18%,250,215,CHANDAN LITES,,1,AVAILABLE
ACE 570-8W SCALE 2FEET-WW,9405,PC,500,283,18%,360,310,CHANDAN LITES,,1,AVAILABLE
ACE 570-12W SCALE 3FEET-WW,9405,PC,700,396,18%,500,435,CHANDAN LITES,,1,AVAILABLE
ACE 570-18W SCALE 4FEET-WW,9405,PC,1000,566,18%,720,620,CHANDAN LITES,,1,AVAILABLE
ACE WOODY-6W-WW,9405,PC,700,396,18%,500,435,CHANDAN LITES,,1,AVAILABLE
ACE WOODY-12W-WW,9405,PC,1050,595,18%,755,650,CHANDAN LITES,,1,AVAILABLE
ACE 020-7W CUBE-WW,9405,PC,610,346,18%,440,380,CHANDAN LITES,,1,AVAILABLE
ACE 020-12W CUBE-WW,9405,PC,720,408,18%,520,445,CHANDAN LITES,,1,AVAILABLE
ACE 020-18W CUBE-WW,9405,PC,970,549,18%,700,600,CHANDAN LITES,,1,AVAILABLE
ACE LUX 8W-3IN1 MIRR.LITE,9405,PC,1150,651,18%,830,710,CHANDAN LITES,,1,AVAILABLE
ACE 675 6W-WH MIRR.LITE,9405,PC,900,510,18%,650,560,CHANDAN LITES,,1,AVAILABLE
ACE 675 6W-WW MIRR.LITE,9405,PC,900,510,18%,650,560,CHANDAN LITES,,1,AVAILABLE
ACE 675 6W-3IN1 MIRR.LITE,9405,PC,1050,595,18%,750,650,CHANDAN LITES,,1,AVAILABLE
ACE 876 6W-WH MIRR.LITE,9405,PC,950,538,18%,685,590,CHANDAN LITES,,1,AVAILABLE
ACE 876 6W-WW MIRR.LITE,9405,PC,950,538,18%,685,590,CHANDAN LITES,,1,AVAILABLE
ACE 876 12W-WH MIRR.LITE,9405,PC,1350,765,18%,970,840,CHANDAN LITES,,1,AVAILABLE
ACE 876 12W-WW MIRR.LITE,9405,PC,1350,765,18%,970,840,CHANDAN LITES,,1,AVAILABLE
ACE 775-BK-RG-WH MIRR.LITE,9405,PC,1150,651,18%,830,710,CHANDAN LITES,,1,AVAILABLE
ACE RIO 36W BATTEN,9405,PC,830,470,18%,600,515,CHANDAN LITES,,1,AVAILABLE
ACE BRIO 50W BATTEN,9405,PC,2000,1133,18%,1440,1240,CHANDAN LITES,,1,AVAILABLE
ACE LEXON 20W-WH,9405,PC,800,453,18%,575,495,CHANDAN LITES,,1,AVAILABLE
ACE LEXON 20W-WW,9405,PC,800,453,18%,575,495,CHANDAN LITES,,1,AVAILABLE
ACE LEXON 30W-WW,9405,PC,950,538,18%,685,590,CHANDAN LITES,,1,AVAILABLE
ACE LEXON 30W-WH,9405,PC,950,538,18%,685,590,CHANDAN LITES,,1,AVAILABLE
ACE LEXON 50W-WH,9405,PC,1200,680,18%,865,745,CHANDAN LITES,,1,AVAILABLE
ACE LEXON 50W-WW,9405,PC,1200,680,18%,865,745,CHANDAN LITES,,1,AVAILABLE
ACE LEXON 100W-WW,9405,PC,2200,1246,18%,1585,1365,CHANDAN LITES,,1,AVAILABLE
ACE LEXON 100W-WH,9405,PC,2200,1246,18%,1585,1365,CHANDAN LITES,,1,AVAILABLE
ACE LEXON 200W-WH,9405,PC,4400,2492,18%,3200,2700,CHANDAN LITES,,1,AVAILABLE
ACE LEXON 200W-WW,9405,PC,4400,2492,18%,3200,2700,CHANDAN LITES,,1,AVAILABLE
ACE LUCA 50W-WH,9405,PC,1700,963,18%,1225,1050,CHANDAN LITES,,1,AVAILABLE
ACE LUCA 50W-WW,9405,PC,1700,963,18%,1225,1050,CHANDAN LITES,,1,AVAILABLE
ACE LUCA 20W-WH,9405,PC,1200,680,18%,860,745,CHANDAN LITES,,1,AVAILABLE
ACE LUCA 20W-WW,9405,PC,1200,680,18%,860,745,CHANDAN LITES,,1,AVAILABLE
ACE LUCA 30W-WH,9405,PC,1400,793,18%,1000,870,CHANDAN LITES,,1,AVAILABLE
ACE LUCA 30W-WW,9405,PC,1400,793,18%,1000,870,CHANDAN LITES,,1,AVAILABLE
ACE LUCA 100W-WH,9405,PC,2900,1643,18%,2100,1800,CHANDAN LITES,,1,AVAILABLE
ACE LUCA 100W-WW,9405,PC,2900,1643,18%,2100,1800,CHANDAN LITES,,1,AVAILABLE
ACE SOLAR SR-20W-WH,9405,PC,3300,1869,18%,2375,2050,CHANDAN LITES,,1,AVAILABLE
ACE SOLAR SR-40W-WH,9405,PC,4100,2322,18%,2950,2550,CHANDAN LITES,,1,AVAILABLE
ACE SOLAR SR-60W-WH,9405,PC,5400,3059,18%,3850,3350,CHANDAN LITES,,1,AVAILABLE
ACE AP-04 4WAY-WW,9405,PC,1000,566,18%,720,620,CHANDAN LITES,,1,AVAILABLE
ACE 4820-8WAY-WW,9405,PC,2000,1133,18%,1440,1240,CHANDAN LITES,,1,AVAILABLE
ACE 3051 BULKET-12W-WW,9405,PC,1100,623,18%,790,680,CHANDAN LITES,,1,AVAILABLE
ACE 5007-RGB 4WAY SQ,9405,PC,2700,1529,18%,1940,1675,CHANDAN LITES,,1,AVAILABLE
ACE 5007-WW 4WAY SQ,9405,PC,1850,1048,18%,1330,1150,CHANDAN LITES,,1,AVAILABLE
ACE 5004-5W-WW SPIKE,9405,PC,800,453,18%,575,495,CHANDAN LITES,,1,AVAILABLE
ACE 5004-5W-RED SPIKE,9405,PC,900,510,18%,650,550,CHANDAN LITES,,1,AVAILABLE
ACE 5004-6W-RGB SPIKE,9405,PC,1090,617,18%,785,675,CHANDAN LITES,,1,AVAILABLE
ACE 689 1WAY-WW,9405,PC,600,340,18%,430,370,CHANDAN LITES,,1,AVAILABLE
ACE 689 1WAY-BL,9405,PC,700,396,18%,500,435,CHANDAN LITES,,1,AVAILABLE
ACE 689 1WAY-GR,9405,PC,700,396,18%,500,435,CHANDAN LITES,,1,AVAILABLE
ACE 689 2WAY-WW,9405,PC,800,453,18%,575,495,CHANDAN LITES,,1,AVAILABLE
ACE 689 2WAY-RGB,9405,PC,1260,714,18%,900,780,CHANDAN LITES,,1,AVAILABLE
ACE 2820-2 UP DOWN-WW,9405,PC,500,283,18%,360,310,CHANDAN LITES,,1,AVAILABLE
ACE 2820-4 UP DOWN-WW,9405,PC,700,396,18%,500,435,CHANDAN LITES,,1,AVAILABLE
ACE 2820-6 UP DOWN-WW,9405,PC,900,510,18%,650,550,CHANDAN LITES,,1,AVAILABLE
ACE 339-2-12W-WW,9405,PC,1250,708,18%,900,775,CHANDAN LITES,,1,AVAILABLE
ACE 835 24W BULKET - WH,9405,PC,480,272,18%,345,300,CHANDAN LITES,,1,AVAILABLE
ACE 835 24W BULKET - WW,9405,PC,480,272,18%,345,300,CHANDAN LITES,,1,AVAILABLE
ACE 837 24W BULKET - WH,9405,PC,480,272,18%,345,300,CHANDAN LITES,,1,AVAILABLE
ACE 837 24W BULKET - WW,9405,PC,480,272,18%,345,300,CHANDAN LITES,,1,AVAILABLE
ACE 838 24W BULKET - WH,9405,PC,460,261,18%,330,285,CHANDAN LITES,,1,AVAILABLE
ACE 838 24W BULKET - WW,9405,PC,460,261,18%,330,285,CHANDAN LITES,,1,AVAILABLE
ACE C10-3RD BLK STRIKER-WW,9405,PC,300,170,18%,215,185,CHANDAN LITES,,1,AVAILABLE
ACE C10-5RD BLK STRIKER-WW,9405,PC,500,283,18%,360,310,CHANDAN LITES,,1,AVAILABLE
ACE C10-10RD BLK STRIKER-WW,9405,PC,800,453,18%,575,495,CHANDAN LITES,,1,AVAILABLE
ACE 259-1*5W ,9405,PC,900,510,18%,650,550,CHANDAN LITES,,1,AVAILABLE
ACE 259-2*5W ,9405,PC,1350,765,18%,970,835,CHANDAN LITES,,1,AVAILABLE
ACE 259-2*9W ,9405,PC,2500,1416,18%,1800,1550,CHANDAN LITES,,1,AVAILABLE
ACE 2835-120LED 12V(5MTR)-WH,9405,PC,120,68,18%,86,74,CHANDAN LITES,,1,AVAILABLE
ACE 2835-120LED 12V(5MTR)-WW,9405,PC,120,68,18%,86,74,CHANDAN LITES,,1,AVAILABLE
ACE 2835-240LED 12V(5MTR)10MM-WH,9405,PC,260,147,18%,190,165,CHANDAN LITES,,1,AVAILABLE
ACE 2835-240LED 12V(5MTR)10MM-WW,9405,PC,260,147,18%,190,165,CHANDAN LITES,,1,AVAILABLE
ACE 2835-240LED 12V(5MTR)10MM-NW,9405,PC,260,147,18%,190,165,CHANDAN LITES,,1,AVAILABLE
ACE 2835-180LED 12V(5MTR)-3IN1,9405,PC,300,170,18%,215,185,CHANDAN LITES,,1,AVAILABLE
ACE IP652835-240LED 12V(5MTR)-WW,9405,PC,440,249,18%,320,275,CHANDAN LITES,,1,AVAILABLE
ACE 220V ROPE - WH,9405,PC,110,62,18%,80,68,CHANDAN LITES,,1,AVAILABLE
ACE 220V ROPE - WW,9405,PC,110,62,18%,80,68,CHANDAN LITES,,1,AVAILABLE
ACE 220V ROPE - NW,9405,PC,110,62,18%,80,68,CHANDAN LITES,,1,AVAILABLE
ACE 220V ROPE - BL,9405,PC,110,62,18%,80,68,CHANDAN LITES,,1,AVAILABLE
ACE 220V ROPE - PK,9405,PC,120,68,18%,86,75,CHANDAN LITES,,1,AVAILABLE
ACE 220V ROPE - AMBER,9405,PC,120,68,18%,86,75,CHANDAN LITES,,1,AVAILABLE
ACE 220V ROPE - ICEBLUE,9405,PC,120,68,18%,86,75,CHANDAN LITES,,1,AVAILABLE
ACE 220V ROPE - PURPLE,9405,PC,120,68,18%,86,75,CHANDAN LITES,,1,AVAILABLE
ACE NEON 220V ROPE-WW,9405,PC,250,142,18%,180,155,CHANDAN LITES,,1,AVAILABLE
ACE NEON 220V ROPE-PK,9405,PC,300,170,18%,215,185,CHANDAN LITES,,1,AVAILABLE
ACE STEP CONTROLLER-12V,9405,PC,5500,3115,18%,3950,3400,CHANDAN LITES,,1,AVAILABLE
ACK 3W PANEL RD WH,9405,PC,225,119,18%,165,140,CHANDAN LITES,,1,AVAILABLE
ACK 3W PANEL RD WW,9405,PC,225,119,18%,165,140,CHANDAN LITES,,1,AVAILABLE
ACK 3W PANEL SQ WH,9405,PC,225,119,18%,165,140,CHANDAN LITES,,1,AVAILABLE
ACK 3W PANEL SQ WW,9405,PC,225,119,18%,165,140,CHANDAN LITES,,1,AVAILABLE
ACK 8W PANEL RD WH ,9405,PC,330,175,18%,240,205,CHANDAN LITES,,1,AVAILABLE
ACK 8W PANEL RD WW,9405,PC,330,175,18%,240,205,CHANDAN LITES,,1,AVAILABLE
ACK 8W PANEL SQ WH ,9405,PC,330,175,18%,240,205,CHANDAN LITES,,1,AVAILABLE
ACK 8W PANEL SQ WW,9405,PC,330,175,18%,240,205,CHANDAN LITES,,1,AVAILABLE
ACK 15W PANEL RD WH ,9405,PC,480,255,18%,345,300,CHANDAN LITES,,1,AVAILABLE
ACK 15W PANEL RD WW,9405,PC,480,255,18%,345,300,CHANDAN LITES,,1,AVAILABLE
ACK 15W PANEL SQ WH ,9405,PC,480,255,18%,345,300,CHANDAN LITES,,1,AVAILABLE
ACK 15W PANEL SQ WW,9405,PC,480,255,18%,345,300,CHANDAN LITES,,1,AVAILABLE
ACK 22W PANEL RD WH ,9405,PC,700,372,18%,505,435,CHANDAN LITES,,1,AVAILABLE
ACK 22W PANEL RD WW,9405,PC,700,372,18%,505,435,CHANDAN LITES,,1,AVAILABLE
ACK 22W PANEL SQ WH ,9405,PC,700,372,18%,505,435,CHANDAN LITES,,1,AVAILABLE
ACK 22W PANEL SQ WW,9405,PC,700,372,18%,505,435,CHANDAN LITES,,1,AVAILABLE
ACK 30W PANEL SQ WH,9405,PC,1100,584,18%,790,680,CHANDAN LITES,,1,AVAILABLE
ACK 8W 3IN1 PANEL RD ,9405,PC,520,276,18%,375,325,CHANDAN LITES,,1,AVAILABLE
ACK 8W 3IN1 PANEL SQ,9405,PC,520,276,18%,375,325,CHANDAN LITES,,1,AVAILABLE
ACK 15W 3IN1 PANEL RD ,9405,PC,750,398,18%,540,465,CHANDAN LITES,,1,AVAILABLE
ACK 15W 3IN1 PANEL SQ,9405,PC,750,398,18%,540,465,CHANDAN LITES,,1,AVAILABLE
ACK 22W 3IN1 PANEL RD ,9405,PC,950,504,18%,685,590,CHANDAN LITES,,1,AVAILABLE
ACK 22W 3IN1 PANEL SQ,9405,PC,950,504,18%,685,590,CHANDAN LITES,,1,AVAILABLE
ACK 8W SURFACE RD WH,9405,PC,400,212,18%,290,250,CHANDAN LITES,,1,AVAILABLE
ACK 8W SURFACE RD WW,9405,PC,400,212,18%,290,250,CHANDAN LITES,,1,AVAILABLE
ACK 8W SURFACE SQ WH,9405,PC,400,212,18%,290,250,CHANDAN LITES,,1,AVAILABLE
ACK 8W SURFACE SQ WW,9405,PC,400,212,18%,290,250,CHANDAN LITES,,1,AVAILABLE
ACK 15W SURFACE RD WH,9405,PC,580,308,18%,420,360,CHANDAN LITES,,1,AVAILABLE
ACK 15W SURFACE RD WW,9405,PC,580,308,18%,420,360,CHANDAN LITES,,1,AVAILABLE
ACK 15W SURFACE SQ WH,9405,PC,580,308,18%,420,360,CHANDAN LITES,,1,AVAILABLE
ACK 15W SURFACE SQ WW,9405,PC,580,308,18%,420,360,CHANDAN LITES,,1,AVAILABLE
ACK 22W SURFACE RD WH,9405,PC,780,414,18%,560,485,CHANDAN LITES,,1,AVAILABLE
ACK 22W SURFACE RD WW,9405,PC,780,414,18%,560,485,CHANDAN LITES,,1,AVAILABLE
ACK 22W SURFACE SQ WH,9405,PC,780,414,18%,560,485,CHANDAN LITES,,1,AVAILABLE
ACK 22W SURFACE SQ WW,9405,PC,780,414,18%,560,485,CHANDAN LITES,,1,AVAILABLE
ACK 30W SURFACE SQ WH,9405,PC,1300,690,18%,935,810,CHANDAN LITES,,1,AVAILABLE
ACK 1W BUTTON-WH,9405,PC,120,64,18%,85,75,CHANDAN LITES,,1,AVAILABLE
ACK 1W BUTTON-WW,9405,PC,120,64,18%,85,75,CHANDAN LITES,,1,AVAILABLE
ACK 1W BUTTON-BL,9405,PC,120,64,18%,85,75,CHANDAN LITES,,1,AVAILABLE
ACK 1W BUTTON-GR,9405,PC,120,64,18%,85,75,CHANDAN LITES,,1,AVAILABLE
ACK 1W BUTTON-PK,9405,PC,120,64,18%,85,75,CHANDAN LITES,,1,AVAILABLE
ACK 3W BUTTON-WH,9405,PC,140,74,18%,100,85,CHANDAN LITES,,1,AVAILABLE
ACK 3W BUTTON-WW,9405,PC,140,74,18%,100,85,CHANDAN LITES,,1,AVAILABLE
ACK 3W BUTTON-BL,9405,PC,140,74,18%,100,85,CHANDAN LITES,,1,AVAILABLE
ACK 3W BUTTON-GR,9405,PC,140,74,18%,100,85,CHANDAN LITES,,1,AVAILABLE
ACK 3W BUTTON-PK,9405,PC,140,74,18%,100,85,CHANDAN LITES,,1,AVAILABLE
"EBCO 10"" WHEEL SET",8302,PC,289,177,18%,231,208,DHANLAXMI,,1,AVAILABLE
"EBCO 12"" WHEEL SET",8302,PC,346,212,18%,277,249,DHANLAXMI,,1,AVAILABLE
"EBCO 14"" WHEEL SET",8302,PC,392,241,18%,314,282,DHANLAXMI,,1,AVAILABLE
"EBCO 16"" WHEEL SET",8302,PC,435,267,18%,348,313,DHANLAXMI,,1,AVAILABLE
"EBCO 18"" WHEEL SET",8302,PC,488,299,18%,390,351,DHANLAXMI,,1,AVAILABLE
"EBCO 20"" WHEEL SET",8302,PC,525,322,18%,420,378,DHANLAXMI,,1,AVAILABLE
"EBCO 22"" WHEEL SET",8302,PC,597,366,18%,478,430,DHANLAXMI,,1,AVAILABLE
"EBCO 12"" SOFT WHEEL SET",8302,PC,768,471,18%,614,553,DHANLAXMI,,1,AVAILABLE
"EBCO 14"" SOFT WHEEL SET",8302,PC,847,520,18%,678,610,DHANLAXMI,,1,AVAILABLE
"EBCO 16"" SOFT WHEEL SET",8302,PC,926,568,18%,741,667,DHANLAXMI,,1,AVAILABLE
"EBCO 18"" SOFT WHEEL SET",8302,PC,1010,620,18%,808,727,DHANLAXMI,,1,AVAILABLE
"EBCO 20"" SOFT WHEEL SET",8302,PC,1089,668,18%,871,784,DHANLAXMI,,1,AVAILABLE
EBCO 0 NORMAL FULL OUTER HS1A-M1,8302,PC,112,69,18%,90,81,DHANLAXMI,,1,AVAILABLE
EBCO 8 NORMAL HALF CENTR HS2A-M1,8302,PC,121,74,18%,97,87,DHANLAXMI,,1,AVAILABLE
EBCO 16 NORMAL INNER HS3A-M1,8302,PC,128,79,18%,102,92,DHANLAXMI,,1,AVAILABLE
EBCO 0 SOFT FULL OUTER HSM1,8302,PC,213,131,18%,170,153,DHANLAXMI,,1,AVAILABLE
EBCO 8 SOFT HALF CENTR HSM2,8302,PC,215,132,18%,172,155,DHANLAXMI,,1,AVAILABLE
EBCO 16 SOFT INNER HSM3,8302,PC,224,137,18%,179,161,DHANLAXMI,,1,AVAILABLE
EBCO 0 SOFT 304SS ,8302,PC,543,333,18%,434,391,DHANLAXMI,,1,AVAILABLE
EBCO HFD1 FOLDING HINGES,8302,PC,556,341,18%,445,400,DHANLAXMI,,1,AVAILABLE
EBCO SHORTARM NORMAL HSA1A-M1,8302,PC,110,68,18%,88,79,DHANLAXMI,,1,AVAILABLE
EBCO SHORTARM SOFT HSA1-M1-SC,8302,PC,200,123,18%,160,144,DHANLAXMI,,1,AVAILABLE
EBCO 155-0 SOFT H155-1-SC,8302,PC,891,547,18%,757,668,DHANLAXMI,,1,AVAILABLE
EBCO 155-8 SOFT H155-2-SC,8302,PC,891,547,18%,757,668,DHANLAXMI,,1,AVAILABLE
EBCO 165-0 NORMAL H165-1-I,8302,PC,580,356,18%,493,435,DHANLAXMI,,1,AVAILABLE
EBCO 165-8 NORMAL H165-2-I,8302,PC,580,356,18%,493,435,DHANLAXMI,,1,AVAILABLE
EBCO BASE PLINTH 6MM BP616,3926,PC,6.1,4,18%,5,5,DHANLAXMI,,1,AVAILABLE
EBCO BASE PLINTH 14MM BP1418,3926,PC,15.45,10,18%,13,12,DHANLAXMI,,1,AVAILABLE
EBCO PVC SHELF SUPPORT PSS1-2,3926,PC,3.69,2,18%,3,3,DHANLAXMI,,1,AVAILABLE
EBCO PVC GLASS CORNER IV GCH-1,3926,PC,4.5,3,18%,4,3,DHANLAXMI,,1,AVAILABLE
EBCO PVC GLASS CORNER CLEAR GCH-2,3926,PC,3.65,2,18%,3,3,DHANLAXMI,,1,AVAILABLE
EBCO PVC GLASS CORN HOLDER CLEAR GCH-2E,3926,PC,3.15,2,18%,3,2,DHANLAXMI,,1,AVAILABLE
EBCO PVC GLASS SIDE HOLDER IV GSH-1,3926,PC,3.81,3,18%,3,3,DHANLAXMI,,1,AVAILABLE
EBCO PVC GLASS SIDE HOLDER CLR GSH-2,3926,PC,3.64,2,18%,3,3,DHANLAXMI,,1,AVAILABLE
EBCO PVC GLASS CLAMP CLR GCP-1,3926,PC,2.86,2,18%,2,2,DHANLAXMI,,1,AVAILABLE
EBCO SPRING CLIP CUPBOARD SC2-ZW,8302,PC,12.35,8,18%,10,9,DHANLAXMI,,1,AVAILABLE
"EBCO WALL SHELF ROD 4"" WSR-100",8302,PC,74,50,18%,63,56,DHANLAXMI,,1,AVAILABLE
"EBCO WALL SHELF ROD 6"" WSR-150",8302,PC,93,63,18%,79,70,DHANLAXMI,,1,AVAILABLE
EBCO POTO CLAMP HBK1 SMALL,8302,PC,28.14,19,18%,24,21,DHANLAXMI,,1,AVAILABLE
EBCO POTO CLAMP HBK2 BIG,8302,PC,56.72,38,18%,48,43,DHANLAXMI,,1,AVAILABLE
EBCO SLIM MAGNET MC-US1L,8302,PC,37,25,18%,31,28,DHANLAXMI,,1,AVAILABLE
EBCO SLIM MAGNET MC-US2L,8302,PC,51,34,18%,43,38,DHANLAXMI,,1,AVAILABLE
"EBCO 4"" BEND LATCH LC-96 ZW",8302,PC,34.07,23,18%,29,26,DHANLAXMI,,1,AVAILABLE
"EBCO 6"" BEND LATCH LC-150 ZW",8302,PC,46.75,31,18%,40,35,DHANLAXMI,,1,AVAILABLE
EBCO PROLIFT PLC-06 6KG PUMP,8302,PC,309,208,18%,263,232,DHANLAXMI,,1,AVAILABLE
EBCO PROLIFT PLC-08 8KG PUMP,8302,PC,309,208,18%,263,232,DHANLAXMI,,1,AVAILABLE
EBCO PROLIFT PLC-10 10KG PUMP,8302,PC,309,208,18%,263,232,DHANLAXMI,,1,AVAILABLE
EBCO PROLIFT PLC-12 12KG PUMP,8302,PC,309,208,18%,263,232,DHANLAXMI,,1,AVAILABLE
EBCO PROLIFT PLC-15 15KG PUMP,8302,PC,309,208,18%,263,232,DHANLAXMI,,1,AVAILABLE
EBCO PROLIFT HD PLCHD-25 25KG PUMP,8302,PC,924,621,18%,785,693,DHANLAXMI,,1,AVAILABLE
"EBCO 12"" TABLE BRACKET TB30",8302,PC,854,574,18%,726,641,DHANLAXMI,,1,AVAILABLE
"EBCO 16"" TABLE BRACKET TB40",8302,PC,1029,692,18%,875,772,DHANLAXMI,,1,AVAILABLE
"EBCO 20"" TABLE BRACKET TB50",8302,PC,1244,837,18%,1057,933,DHANLAXMI,,1,AVAILABLE
"EBCO 24"" TABLE BRACKET TB60",8302,PC,1762,1185,18%,1498,1322,DHANLAXMI,,1,AVAILABLE
"EBCO 12"" POCKET CHANNEL",8302,PC,699,470,18%,594,524,DHANLAXMI,,1,AVAILABLE
"EBCO 14"" POCKET CHANNEL",8302,PC,814,548,18%,692,611,DHANLAXMI,,1,AVAILABLE
"EBCO 16"" POCKET CHANNEL",8302,PC,937,630,18%,796,703,DHANLAXMI,,1,AVAILABLE
"EBCO 18"" POCKET CHANNEL",8302,PC,1049,706,18%,892,787,DHANLAXMI,,1,AVAILABLE
EBCO RAB2 3/4*3/4 L CLAMP,8302,PC,5.02,3,18%,4,4,DHANLAXMI,,1,AVAILABLE
"EBCO RAB20-40 3/4*1.1/2"" L CLAMP",8302,PC,6.97,5,18%,6,5,DHANLAXMI,,1,AVAILABLE
EBCO RAC2535-ZW L CLAMP,8302,PC,7.33,5,18%,6,5,DHANLAXMI,,1,AVAILABLE
EBCO RAC2535-WH L CLAMP,8302,PC,8.43,6,18%,7,6,DHANLAXMI,,1,AVAILABLE
EBCO LOCK PLATE LRP1,8302,PC,5.49,4,18%,5,4,DHANLAXMI,,1,AVAILABLE
EBCO SHELF TRACK DSS-TS-MS 8FT,8302,PC,646,442,18%,562,497,DHANLAXMI,,1,AVAILABLE
EBCO HS-90-DT WHEEL SET,8302,PC,674,461,18%,586,519,DHANLAXMI,,1,AVAILABLE
EBCO HS-90-SC WHEEL SET,8302,PC,1405,962,18%,1222,1082,DHANLAXMI,,1,AVAILABLE
EBCO HSDT-TTT-TDT-2 8FT,8302,PC,2292,1569,18%,1994,1765,DHANLAXMI,,1,AVAILABLE
EBCO HSDT-TTT-TDT-3M 10FT,8302,PC,2816,1927,18%,2450,2168,DHANLAXMI,,1,AVAILABLE
EBCO HSDT-TTT-TDT-3 12FT,8302,PC,3440,2354,18%,2993,2649,DHANLAXMI,,1,AVAILABLE
EBCO HS50R-2 SOFTCLOSE 2DOOR,8302,PC,3156,2160,18%,2746,2430,DHANLAXMI,,1,AVAILABLE
EBCO HS50R-3 SOFTCLOSE 3DOOR,8302,PC,4025,2755,18%,3502,3099,DHANLAXMI,,1,AVAILABLE
EBCO HS50R-T2 TRACK 8FEET 2DOOR,8302,PC,3634,2487,18%,3162,2798,DHANLAXMI,,1,AVAILABLE
EBCO G PROFILE END CAP BLACK,8302,PC,16,11,18%,14,12,DHANLAXMI,,1,AVAILABLE
EBCO G PROFILE END CAP R/G,8302,PC,16,11,18%,14,12,DHANLAXMI,,1,AVAILABLE
EBCO G PROFILE END CAP SILVER,8302,PC,16,11,18%,14,12,DHANLAXMI,,1,AVAILABLE
EBCO G PROFILE END CAP CP,8302,PC,34,23,18%,30,26,DHANLAXMI,,1,AVAILABLE
"SLEEK 10"" WHEEL SET",8302,PC,380,201,18%,285,243,JS MARKETING,,1,AVAILABLE
"SLEEK 12"" WHEEL SET",8302,PC,463,244,18%,347,296,JS MARKETING,,1,AVAILABLE
"SLEEK 14"" WHEEL SET",8302,PC,529,279,18%,397,339,JS MARKETING,,1,AVAILABLE
"SLEEK 16"" WHEEL SET",8302,PC,568,300,18%,426,364,JS MARKETING,,1,AVAILABLE
"SLEEK 18"" WHEEL SET",8302,PC,639,337,18%,479,409,JS MARKETING,,1,AVAILABLE
"SLEEK 20"" WHEEL SET",8302,PC,710,375,18%,533,454,JS MARKETING,,1,AVAILABLE
"SLEEK 24"" WHEEL SET ",8302,PC,859,453,18%,644,550,JS MARKETING,,1,AVAILABLE
"SLEEK 12"" SOFT WHEEL SET",8302,PC,1008,532,18%,756,645,JS MARKETING,,1,AVAILABLE
"SLEEK 14"" SOFT WHEEL SET",8302,PC,1107,584,18%,830,708,JS MARKETING,,1,AVAILABLE
"SLEEK 16"" SOFT WHEEL SET",8302,PC,1189,628,18%,892,761,JS MARKETING,,1,AVAILABLE
"SLEEK 18"" SOFT WHEEL SET",8302,PC,1289,680,18%,967,825,JS MARKETING,,1,AVAILABLE
"SLEEK 20"" SOFT WHEEL SET",8302,PC,1338,706,18%,1004,856,JS MARKETING,,1,AVAILABLE
SLEEK 0 CRANK NORMAL HINGES ,8302,PC,95,59,18%,78,68,JS MARKETING,,1,AVAILABLE
SLEEK 8 CRANK NORMAL HINGES ,8302,PC,95,59,18%,78,68,JS MARKETING,,1,AVAILABLE
SLEEK 16 CRANK NORMAL HINGES ,8302,PC,95,59,18%,78,68,JS MARKETING,,1,AVAILABLE
SLEEK 0 CRANK SOFT CLOSING HINGES ,8302,PC,250,113,18%,188,160,JS MARKETING,,1,AVAILABLE
SLEEK 8 CRANK SOFT CLOSING HINGES ,8302,PC,250,113,18%,188,160,JS MARKETING,,1,AVAILABLE
SLEEK 16 CRANK SOFT CLOSING HINGES ,8302,PC,250,113,18%,188,160,JS MARKETING,,1,AVAILABLE
SLEEK 165* SOFT CLOSE HINGES,8302,PC,917,598,18%,688,642,JS MARKETING,,1,AVAILABLE
"SLEEK TUFF 15*20*4"" PLAIN",7323,PC,1359,834,5%,1101,965,JS MARKETING,,1,AVAILABLE
"SLEEK TUFF 15*20*6"" PLAIN",7323,PC,1643,1009,5%,1331,1167,JS MARKETING,,1,AVAILABLE
"SLEEK TUFF 15*20*8"" PLAIN",7323,PC,1900,1167,5%,1539,1349,JS MARKETING,,1,AVAILABLE
"SLEEK TUFF 17*20*4"" PLAIN",7323,PC,1473,904,5%,1193,1046,JS MARKETING,,1,AVAILABLE
"SLEEK TUFF 17*20*6"" PLAIN",7323,PC,1771,1087,5%,1435,1257,JS MARKETING,,1,AVAILABLE
"SLEEK TUFF 17*20*8"" PLAIN",7323,PC,2035,1250,5%,1648,1445,JS MARKETING,,1,AVAILABLE
"SLEEK TUFF 19*20*4"" PLAIN",7323,PC,1595,979,5%,1292,1132,JS MARKETING,,1,AVAILABLE
"SLEEK TUFF 19*20*6"" PLAIN",7323,PC,1920,1179,5%,1555,1363,JS MARKETING,,1,AVAILABLE
"SLEEK TUFF 19*20*8"" PLAIN",7323,PC,2210,1357,5%,1790,1569,JS MARKETING,,1,AVAILABLE
"SLEEK TUFF 21*20*4"" PLAIN",7323,PC,1724,1059,5%,1396,1224,JS MARKETING,,1,AVAILABLE
"SLEEK TUFF 21*20*6"" PLAIN",7323,PC,2014,1237,5%,1631,1430,JS MARKETING,,1,AVAILABLE
"SLEEK TUFF 21*20*8"" PLAIN",7323,PC,2332,1432,5%,1889,1656,JS MARKETING,,1,AVAILABLE
SLEEK TUFF 15*20*4 CUP& SAUCER,7323,PC,1575,967,5%,1276,1118,JS MARKETING,,1,AVAILABLE
SLEEK TUFF 17*20*4 CUP& SAUCER,7323,PC,1521,934,5%,1232,1080,JS MARKETING,,1,AVAILABLE
SLEEK TUFF 19*20*4 CUP& SAUCER,7323,PC,1805,1108,5%,1462,1282,JS MARKETING,,1,AVAILABLE
SLEEK TUFF 21*20*4 CUP& SAUCER,7323,PC,1886,1158,5%,1528,1339,JS MARKETING,,1,AVAILABLE
SLEEK TUFF 15*20*8 THALI/PLATE,7323,PC,2149,1320,5%,1741,1526,JS MARKETING,,1,AVAILABLE
SLEEK TUFF 17*20*8 THALI/PLATE,7323,PC,2292,1407,5%,1857,1627,JS MARKETING,,1,AVAILABLE
SLEEK TUFF 19*20*8 THALI/PLATE,7323,PC,2447,1502,5%,1982,1737,JS MARKETING,,1,AVAILABLE
SLEEK TUFF 21*20*8 THALI/PLATE,7323,PC,2623,1611,5%,2125,1862,JS MARKETING,,1,AVAILABLE
SLEEK TUFF 15*20*4 CUTLERY,7323,PC,3069,1884,5%,2486,2179,JS MARKETING,,1,AVAILABLE
SLEEK TUFF 17*20*4 CUTLERY,7323,PC,3231,1984,5%,2617,2294,JS MARKETING,,1,AVAILABLE
SLEEK TUFF 19*20*4 CUTLERY,7323,PC,3684,2262,5%,2984,2616,JS MARKETING,,1,AVAILABLE
SLEEK TUFF 21*20*4 CUTLERY,7323,PC,4049,2486,5%,3280,2875,JS MARKETING,,1,AVAILABLE
SLEEK TUFF FIXED DET. PULL OUT 20*4,7323,PC,3150,1934,5%,2552,2237,JS MARKETING,,1,AVAILABLE
SLEEK TUFF FIXED DET. PULL OUT 20*6,7323,PC,3379,2075,5%,2737,2399,JS MARKETING,,1,AVAILABLE
SLEEK TUFF FIXED DET. PULL OUT 20*8,7323,PC,3555,2183,5%,2880,2524,JS MARKETING,,1,AVAILABLE
"SLEEK DES 15*20*4"" PLAIN",7323,PC,2434,1495,5%,1972,1728,JS MARKETING,,1,AVAILABLE
"SLEEK DES 15*20*6"" PLAIN",7323,PC,2926,1797,5%,2370,2077,JS MARKETING,,1,AVAILABLE
"SLEEK DES 15*20*8"" PLAIN",7323,PC,3399,2087,5%,2753,2413,JS MARKETING,,1,AVAILABLE
"SLEEK DES 17*20*4"" PLAIN",7323,PC,2631,1615,5%,2131,1868,JS MARKETING,,1,AVAILABLE
"SLEEK DES 17*20*6"" PLAIN",7323,PC,3136,1926,5%,2540,2227,JS MARKETING,,1,AVAILABLE
"SLEEK DES 17*20*8"" PLAIN",7323,PC,3675,2257,5%,2977,2609,JS MARKETING,,1,AVAILABLE
"SLEEK DES 19*20*4"" PLAIN",7323,PC,2874,1765,5%,2328,2041,JS MARKETING,,1,AVAILABLE
"SLEEK DES 19*20*6"" PLAIN",7323,PC,3425,2103,5%,2774,2432,JS MARKETING,,1,AVAILABLE
"SLEEK DES 19*20*8"" PLAIN",7323,PC,3950,2425,5%,3200,2805,JS MARKETING,,1,AVAILABLE
"SLEEK DES 21*20*4"" PLAIN",7323,PC,3025,1857,5%,2450,2148,JS MARKETING,,1,AVAILABLE
"SLEEK DES 21*20*6"" PLAIN",7323,PC,3596,2208,5%,2913,2553,JS MARKETING,,1,AVAILABLE
"SLEEK DES 21*20*8"" PLAIN",7323,PC,4147,2546,5%,3359,2944,JS MARKETING,,1,AVAILABLE
SLEEK DES 15*20*4 CUP& SAUCER,7323,PC,2940,1805,5%,2381,2087,JS MARKETING,,1,AVAILABLE
SLEEK DES 17*20*4 CUP& SAUCER,7323,PC,3123,1918,5%,2530,2217,JS MARKETING,,1,AVAILABLE
SLEEK DES 19*20*4 CUP& SAUCER,7323,PC,3346,2054,5%,2710,2376,JS MARKETING,,1,AVAILABLE
SLEEK DES 21*20*4 CUP& SAUCER,7323,PC,3491,2144,5%,2828,2479,JS MARKETING,,1,AVAILABLE
SLEEK DES 15*20*8 THALI/PLATE,7323,PC,3898,2393,5%,3157,2768,JS MARKETING,,1,AVAILABLE
SLEEK DES 17*20*8 THALI/PLATE,7323,PC,4095,2514,5%,3317,2907,JS MARKETING,,1,AVAILABLE
SLEEK DES 19*20*8 THALI/PLATE,7323,PC,4344,2667,5%,3519,3084,JS MARKETING,,1,AVAILABLE
SLEEK DES 21*20*8 THALI/PLATE,7323,PC,4921,3022,5%,3986,3494,JS MARKETING,,1,AVAILABLE
SLEEK DES 15*20*4 CUTLERY,7323,PC,5538,3400,5%,4486,3932,JS MARKETING,,1,AVAILABLE
SLEEK DES 17*20*4 CUTLERY,7323,PC,5925,3638,5%,4799,4207,JS MARKETING,,1,AVAILABLE
SLEEK DES 19*20*4 CUTLERY,7323,PC,6628,4070,5%,5369,4706,JS MARKETING,,1,AVAILABLE
SLEEK DES 21*20*4 CUTLERY,7323,PC,7284,4472,5%,5900,5172,JS MARKETING,,1,AVAILABLE
SLEEK DES FIXED DET. PULL OUT 20*4,7323,PC,3950,2425,5%,3200,2805,JS MARKETING,,1,AVAILABLE
SLEEK DES FIXED DET. PULL OUT 20*6,7323,PC,4318,2651,5%,3498,3066,JS MARKETING,,1,AVAILABLE
SLEEK DES FIXED DET. PULL OUT 20*8,7323,PC,4895,3006,5%,3965,3475,JS MARKETING,,1,AVAILABLE
RZ-2088 96MM GOLD,8302,PC,249,147,18%,212,187,GALAXY ENTERPRISE,,1,AVAILABLE
"RL-405 32MM 4"" SOFA LEG",8302,PC,134,79,18%,114,101,GALAXY ENTERPRISE,,1,AVAILABLE
"RL-405 50MM 4"" SOFA LEG",8302,PC,167,99,18%,142,125,GALAXY ENTERPRISE,,1,AVAILABLE
"RL-407 45MM 4"" SOFA LEG",8302,PC,88,52,18%,75,66,GALAXY ENTERPRISE,,1,AVAILABLE
"RL-460 BLACK 4"" SOFA LEG",8302,PC,316,186,18%,269,237,GALAXY ENTERPRISE,,1,AVAILABLE
"RD-540 6"" D HANDEL 3MM",8302,PC,70,41,18%,60,53,GALAXY ENTERPRISE,,1,AVAILABLE
"RD-577 6"" D HANDEL LASER",8302,PC,74,44,18%,63,56,GALAXY ENTERPRISE,,1,AVAILABLE
RH-719 SMALL BUTTERFLY COT HOOK,8302,PC,125,74,18%,106,94,GALAXY ENTERPRISE,,1,AVAILABLE
RH-719 BIG 4PIN BUTTERFLY COT HOOK,8302,PC,258,152,18%,219,194,GALAXY ENTERPRISE,,1,AVAILABLE
RH-705 6PIN SHIRT HANGER COMBI,8302,PC,294,173,18%,250,221,GALAXY ENTERPRISE,,1,AVAILABLE
RH-705 6PIN SHIRT HANGER BLACK R/G,8302,PC,343,202,18%,292,257,GALAXY ENTERPRISE,,1,AVAILABLE
RH-705 6PIN SHIRT HANGER ANTIQUE,8302,PC,343,202,18%,292,257,GALAXY ENTERPRISE,,1,AVAILABLE
RH-705 8PIN SHIRT HANGER COMBI,8302,PC,392,231,18%,333,294,GALAXY ENTERPRISE,,1,AVAILABLE
RH-705 8PIN SHIRT HANGER BLACK R/G,8302,PC,457,270,18%,388,343,GALAXY ENTERPRISE,,1,AVAILABLE
RH-705 8PIN SHIRT HANGER ANTIQUE,8302,PC,457,270,18%,388,343,GALAXY ENTERPRISE,,1,AVAILABLE
RF-8004 KADI HANDLE SS,8302,PC,70,41,18%,60,53,GALAXY ENTERPRISE,,1,AVAILABLE
RC-923 CURTAIN BKT WENGI(NO SUPPORT),8302,PC,165,97,18%,140,124,GALAXY ENTERPRISE,,1,AVAILABLE
RC-923 CURTAIN BKT SILVER(NO SUPPORT),8302,PC,165,97,18%,140,124,GALAXY ENTERPRISE,,1,AVAILABLE
"DORSET 10""CYL AMOLI ML-AML-CB",8301,PC,3640,2165,18%,3031,2922, A.S.B. & SONS ,,1,AVAILABLE
"DORSET 10""CYL KAIRA GM",8301,PC,3740,2300,18%,3220,3105, A.S.B. & SONS ,,1,AVAILABLE
DORSET 6LEVER DEAD LOCK-SS,8301,PC,575,400,18%,560,540, A.S.B. & SONS ,,1,AVAILABLE
"DORSET 8"" CYL AMOLI HL-AM",8301,PC,3360,2220,18%,3108,2997, A.S.B. & SONS ,,1,AVAILABLE
"DORSET 8"" CYL AMOLI MRGM",8301,PC,3220,2128,18%,2979,2873, A.S.B. & SONS ,,1,AVAILABLE
DORSET PHA303FM-GM DEAD LOCK,8301,PC,3440,2084,18%,2917,2813, A.S.B. & SONS ,,1,AVAILABLE
DORSET PHA303HGFE PHANTOM DEAD LOCK,8301,PC,3670,2223,18%,3112,3001, A.S.B. & SONS ,,1,AVAILABLE
DORSET PHA303NS PHANTOM DEAD LOCK,8301,PC,3295,1996,18%,2794,2694, A.S.B. & SONS ,,1,AVAILABLE
DORSET PHA303PT-TM DEAD LOCK,8301,PC,3440,2084,18%,2917,2813, A.S.B. & SONS ,,1,AVAILABLE
"1000 2000 AMAZE REMO 8"" S/G M.LOCK",8302,PC,0,1400,18%,2030,1890, ALIGARH LOCK CENTRE ,,1,AVAILABLE
100MM SS CUPBOARD LOCK BULLET,8301,PC,0,175,18%,254,236, ALIGARH LOCK CENTRE ,,1,AVAILABLE
"2"" BRASS DOOM TEMPLE SQUARE",8301,PC,0,75,18%,109,101, ALIGARH LOCK CENTRE ,,1,AVAILABLE
"2.1/2"" BRASS DOOM TEMPLE SQUARE DHARI",8301,PC,0,105,18%,152,142, ALIGARH LOCK CENTRE ,,1,AVAILABLE
"AMAZE 10"" CYL M.LOCK",8301,PC,0,1750,18%,2538,2363, ALIGARH LOCK CENTRE ,,1,AVAILABLE
"AUDI 6"" ANT BRASS HANDLE",8302,PC,0,155,18%,225,209, ALIGARH LOCK CENTRE ,,1,AVAILABLE
"AUDI 8"" BRASS ANT HANDLE",8302,PC,0,450,18%,652,607, ALIGARH LOCK CENTRE ,,1,AVAILABLE
"BCH04 GOLI 8"" BRASS ANT HANDLE",8302,PC,0,480,18%,696,648, ALIGARH LOCK CENTRE ,,1,AVAILABLE
"C MOON 8"" ANT GOLD KEY M/LOCK",8301,PC,0,600,18%,870,810, ALIGARH LOCK CENTRE ,,1,AVAILABLE
CHITHRA BRASS ALDROP 10*16MM GANESH,8302,PC,0,800,18%,1160,1080, ALIGARH LOCK CENTRE ,,1,AVAILABLE
"CPH 1015C 12"" SS PULL HANDLE",8302,PC,0,540,18%,783,729, ALIGARH LOCK CENTRE ,,1,AVAILABLE
"CPH HOCK 12"" SS PULL HANDLE",8302,PC,0,600,18%,870,810, ALIGARH LOCK CENTRE ,,1,AVAILABLE
"DEMO 12"" CYL M.LOCK",8301,PC,0,1850,18%,2682,2497, ALIGARH LOCK CENTRE ,,1,AVAILABLE
"DEZIRE M1017 M1024 LEAF 12"" BRASS M.LOCK",8302,PC,0,2100,18%,3045,2835, ALIGARH LOCK CENTRE ,,1,AVAILABLE
"DIAMOND 12"" ANT CYL.LOCK",8302,PC,0,2050,18%,2972,2767, ALIGARH LOCK CENTRE ,,1,AVAILABLE
"DIO 8"" BRASS FANCY HANDLE",8301,PC,0,260,18%,377,351, ALIGARH LOCK CENTRE ,,1,AVAILABLE
"DOLPHIN DEMO CHAMP 8"" S/G ANT M.LOCK",8302,PC,0,1400,18%,2030,1890, ALIGARH LOCK CENTRE ,,1,AVAILABLE
DOOR VIEWER BIG ANTIQ,8302,PC,0,120,18%,174,162, ALIGARH LOCK CENTRE ,,1,AVAILABLE
"DOVE 8"" CYL ANT M.LOCK",8302,PC,0,950,18%,1377,1282, ALIGARH LOCK CENTRE ,,1,AVAILABLE
"D-SEC 6"" LEAF ANT HANDLE",8302,PC,0,50,18%,73,68, ALIGARH LOCK CENTRE ,,1,AVAILABLE
"ELEPHANT 15"" ANTQ HANDLE",8302,PC,0,1100,18%,1595,1485, ALIGARH LOCK CENTRE ,,1,AVAILABLE
"ENT LOCK 4"" BRASS L TYPE SLIDING LOCK",8302,PC,0,290,18%,421,392, ALIGARH LOCK CENTRE ,,1,AVAILABLE
"ENT LOCK 4"" MS L TYPE SLIDING",8301,PC,0,95,18%,138,128, ALIGARH LOCK CENTRE ,,1,AVAILABLE
"FIREPRO 8"" ANT CYL. M.LOCK",8301,PC,0,980,18%,1421,1323, ALIGARH LOCK CENTRE ,,1,AVAILABLE
FIX BOLT OSK ANTIQ,8302,PC,0,1250,18%,1813,1688, ALIGARH LOCK CENTRE ,,1,AVAILABLE
"GLASS DOOR HANDLE H-TYPE 12*1""TT",8302,PC,0,480,18%,696,648, ALIGARH LOCK CENTRE ,,1,AVAILABLE
"GLASS DOOR HANDLE H-TYPE 24*1""",8302,PC,0,1200,18%,1740,1620, ALIGARH LOCK CENTRE ,,1,AVAILABLE
"HOCK DARKLINE ZEDLINE 4C-BEND 12"" PULL HANDLE",8302,PC,0,600,18%,870,810, ALIGARH LOCK CENTRE ,,1,AVAILABLE
"K-804 K-806 5"" SS BABY LATCH",8302,PC,0,380,18%,551,513, ALIGARH LOCK CENTRE ,,1,AVAILABLE
"K-804 K-806 8"" SS CYL LOCK",8302,PC,0,750,18%,1088,1013, ALIGARH LOCK CENTRE ,,1,AVAILABLE
"LIBA 7"" S/G M.LOCK",8302,PC,0,850,18%,1232,1147, ALIGARH LOCK CENTRE ,,1,AVAILABLE
"M DOT T BLOCK 8"" ANT HANDLE",8302,PC,0,250,18%,362,337, ALIGARH LOCK CENTRE ,,1,AVAILABLE
"M-1011 ROZER 14"" MORTICE LOCK",8302,PC,0,2450,18%,3553,3308, ALIGARH LOCK CENTRE ,,1,AVAILABLE
"MH 205 8"" ANT GOLD KEY LOCK",8302,PC,0,700,18%,1015,945, ALIGARH LOCK CENTRE ,,1,AVAILABLE
"MH 320 8"" ANT GOLD KEY M.LOCK",8301,PC,0,680,18%,986,918, ALIGARH LOCK CENTRE ,,1,AVAILABLE
"MH1025 SUNFLOWER ZALI 12"" CYL M.LOCK",8301,PC,0,2150,18%,3118,2903, ALIGARH LOCK CENTRE ,,1,AVAILABLE
"MH-201 205 10"" GOLD ANT MOR.LOCK",8302,PC,0,1250,18%,1813,1688, ALIGARH LOCK CENTRE ,,1,AVAILABLE
"MH-208 8"" GOLD ANT KEY M.LOCK",8302,PC,0,700,18%,1015,945, ALIGARH LOCK CENTRE ,,1,AVAILABLE
"MH336 8"" CYL BLK ROSE M.LOCK",8302,PC,0,1100,18%,1595,1485, ALIGARH LOCK CENTRE ,,1,AVAILABLE
"MH-336 ZINC 8"" GOLD ANT KEY M.LOCK",8302,PC,0,650,18%,942,877, ALIGARH LOCK CENTRE ,,1,AVAILABLE
PADLOCK 62MM SMART PUSH LOCK SS,8301,PC,0,180,18%,261,243, ALIGARH LOCK CENTRE ,,1,AVAILABLE
"PEACOCK 12"" ANT BRASS M.LOCK",8302,PC,0,2100,18%,3045,2835, ALIGARH LOCK CENTRE ,,1,AVAILABLE
"PEACOCK 12"" ANT PULL HANDLE",8302,PC,0,450,18%,652,607, ALIGARH LOCK CENTRE ,,1,AVAILABLE
"R-715 744 784 720 771 FISH 7"" M.LOCK",8301,PC,0,330,18%,479,446, ALIGARH LOCK CENTRE ,,1,AVAILABLE
"R-726 CHANDA 8"" CYL ANT M.LOCK",8302,PC,0,900,18%,1305,1215, ALIGARH LOCK CENTRE ,,1,AVAILABLE
"R-771 7""",8301,PC,0,350,18%,508,473, ALIGARH LOCK CENTRE ,,1,AVAILABLE
"RING SATIN CP 8"" KEY M/LOCK",8301,PC,0,650,18%,942,877, ALIGARH LOCK CENTRE ,,1,AVAILABLE
"ROCK 8"" CYL ANT M.LOCK",8302,PC,0,1150,18%,1667,1552, ALIGARH LOCK CENTRE ,,1,AVAILABLE
"ROYAL 12"" ANT ALUM CONC HANDLE",8302,PC,0,600,18%,870,810, ALIGARH LOCK CENTRE ,,1,AVAILABLE
"ROZER 10"" 3000 ANT M.LOCK",8301,PC,0,1600,18%,2320,2160, ALIGARH LOCK CENTRE ,,1,AVAILABLE
"ROZER 10"" HR PULL HANDLE TREE-JALI-6LINE",8302,PC,0,1200,18%,1740,1620, ALIGARH LOCK CENTRE ,,1,AVAILABLE
"ROZER 3"" BRASS SS KEY CUPBOARD LOCK",8302,PC,0,285,18%,413,385, ALIGARH LOCK CENTRE ,,1,AVAILABLE
"ROZER 4"" BABY LATCH TB ALU ANTQ",8302,PC,0,95,18%,138,128, ALIGARH LOCK CENTRE ,,1,AVAILABLE
"ROZER 4"" BABY LATCH TB ALU SS",8302,PC,0,90,18%,131,122, ALIGARH LOCK CENTRE ,,1,AVAILABLE
"ROZER 5"" ADS04 DOOR STOPPER ANT",8302,PC,0,85,18%,123,115, ALIGARH LOCK CENTRE ,,1,AVAILABLE
"ROZER 5"" BOOM BULLET/SQUARE",8302,PC,0,230,18%,334,311, ALIGARH LOCK CENTRE ,,1,AVAILABLE
"ROZER 5"" DIAMOND DOOR STOPPER ANT",8302,PC,0,160,18%,232,216, ALIGARH LOCK CENTRE ,,1,AVAILABLE
"ROZER 5"" JUMBO LOCK",8302,PC,0,195,18%,283,263, ALIGARH LOCK CENTRE ,,1,AVAILABLE
"ROZER 5"" KING GOLI ANT LOCK",8302,PC,0,450,18%,652,607, ALIGARH LOCK CENTRE ,,1,AVAILABLE
"ROZER 5"" TRIANGLE DOOR STOPPER ANT/SS",8302,PC,0,120,18%,174,162, ALIGARH LOCK CENTRE ,,1,AVAILABLE
"ROZER 5"" ZOOM PIN CYL ULTRA LOCK",8302,PC,0,800,18%,1160,1080, ALIGARH LOCK CENTRE ,,1,AVAILABLE
ROZER 50MM PADLOCK PUSH LOCK GOLD,8302,PC,0,75,18%,109,101, ALIGARH LOCK CENTRE ,,1,AVAILABLE
ROZER 65MM 6KEY PUSH LOCK GOLD,8302,PC,0,160,18%,232,216, ALIGARH LOCK CENTRE ,,1,AVAILABLE
ROZER 65MM PADLOCK PUSH LOCK GOLD,8302,PC,0,120,18%,174,162, ALIGARH LOCK CENTRE ,,1,AVAILABLE
ROZER 8*12MM BRASS ALDROP GANESH GANAPATI,8301,PC,0,360,18%,522,486, ALIGARH LOCK CENTRE ,,1,AVAILABLE
"ROZER ALFA 18"" ANT HANDLE",8302,PC,0,950,18%,1377,1282, ALIGARH LOCK CENTRE ,,1,AVAILABLE
"ROZER ALFA 8"" ANT HANDLE",8302,PC,0,365,18%,529,493, ALIGARH LOCK CENTRE ,,1,AVAILABLE
"ROZER ALFE 10"" ANT HANDLE",8302,PC,0,410,18%,594,553, ALIGARH LOCK CENTRE ,,1,AVAILABLE
ROZER BRASS ALDROP 10*16MM B/G GANESH JI,8302,PC,0,800,18%,1160,1080, ALIGARH LOCK CENTRE ,,1,AVAILABLE
ROZER DOOR CLOSER,8302,PC,0,420,18%,609,567, ALIGARH LOCK CENTRE ,,1,AVAILABLE
ROZER ECO TRIBOLT OSK ANT,8302,PC,0,1100,18%,1595,1485, ALIGARH LOCK CENTRE ,,1,AVAILABLE
ROZER HITECH 60MM PUSH LOCK 304GRADE,8302,PC,0,420,18%,609,567, ALIGARH LOCK CENTRE ,,1,AVAILABLE
ROZER KNOCKER GAJANAND ANT,8302,PC,0,550,18%,798,743, ALIGARH LOCK CENTRE ,,1,AVAILABLE
ROZER MINI TRIBOLT,8301,PC,0,800,18%,1160,1080, ALIGARH LOCK CENTRE ,,1,AVAILABLE
ROZER MP BIG EURO ULTRA 23MM CUPBOARD LO,8302,PC,0,125,18%,181,169, ALIGARH LOCK CENTRE ,,1,AVAILABLE
ROZER MP BIG EURO ULTRA 29MM CUPBOARD LOCK,8302,PC,0,135,18%,196,182, ALIGARH LOCK CENTRE ,,1,AVAILABLE
ROZER MP BIG EURO ULTRA 35MM CUPBOARD LOCK,8302,PC,0,150,18%,217,202, ALIGARH LOCK CENTRE ,,1,AVAILABLE
ROZER MP EURO DRAWER-IVORY,8301,PC,0,55,18%,80,74, ALIGARH LOCK CENTRE ,,1,AVAILABLE
ROZER MP EURO ULTRA DRAWER-SS,8301,PC,0,85,18%,123,115, ALIGARH LOCK CENTRE ,,1,AVAILABLE
ROZER PDS01 PRESS DOOR STOPPER PUSH,8302,PC,0,110,18%,160,149, ALIGARH LOCK CENTRE ,,1,AVAILABLE
ROZER PDS01 PRESS DOOR STOPPER PUSH ANT,8302,PC,0,120,18%,174,162, ALIGARH LOCK CENTRE ,,1,AVAILABLE
ROZER PENTA BOLT ANT DOOR LOCK,8302,PC,0,1550,18%,2248,2093, ALIGARH LOCK CENTRE ,,1,AVAILABLE
"ROZER PRIME 8"" SS KEY M.LOCK",8302,PC,0,650,18%,942,877, ALIGARH LOCK CENTRE ,,1,AVAILABLE
"ROZER PRINCE 12"" BRASS M.LOCK",8302,PC,0,2100,18%,3045,2835, ALIGARH LOCK CENTRE ,,1,AVAILABLE
"ROZER PRINCE 8"" BRASS CYL LOCK",8302,PC,0,1850,18%,2682,2497, ALIGARH LOCK CENTRE ,,1,AVAILABLE
"ROZER RICH 8"" CYL M.LOCK",8302,PC,0,980,18%,1421,1323, ALIGARH LOCK CENTRE ,,1,AVAILABLE
ROZER ROUND SQUARE D/T S/T LOCK,8302,PC,0,45,18%,65,61, ALIGARH LOCK CENTRE ,,1,AVAILABLE
ROZER ROUND UNIVERSAL LOCK YELLOW,8302,PC,0,55,18%,80,74, ALIGARH LOCK CENTRE ,,1,AVAILABLE
ROZER SHIRT HANGER S-TYPE 3PIN,8302,PC,0,75,18%,109,101, ALIGARH LOCK CENTRE ,,1,AVAILABLE
ROZER SHIRT HANGER S-TYPE 5PIN,8302,PC,0,125,18%,181,169, ALIGARH LOCK CENTRE ,,1,AVAILABLE
ROZER SHIRT HANGER S-TYPE 8PIN,8302,PC,0,200,18%,290,270, ALIGARH LOCK CENTRE ,,1,AVAILABLE
ROZER SHIRT HANGER W-TYPE 6PIN,8302,PC,0,120,18%,174,162, ALIGARH LOCK CENTRE ,,1,AVAILABLE
"ROZER SSH 099 10"" CYL M.LOCK ANT",8302,PC,0,1300,18%,1885,1755, ALIGARH LOCK CENTRE ,,1,AVAILABLE
"ROZER SSH-099 SS 6"" BABY LATCH",8302,PC,0,530,18%,769,716, ALIGARH LOCK CENTRE ,,1,AVAILABLE
ROZER UNIVERSAL DOOR CLOSER-GOLD,8302,PC,0,700,18%,1015,945, ALIGARH LOCK CENTRE ,,1,AVAILABLE
ROZER UNIVERSAL DOOR CLOSER-SILVER,8302,PC,0,600,18%,870,810, ALIGARH LOCK CENTRE ,,1,AVAILABLE
ROZER VERTI BOLT ULTRA UNIVERSAL,8301,PC,0,650,18%,942,877, ALIGARH LOCK CENTRE ,,1,AVAILABLE
"SANGO 12"" ANT PULL HANDLE",8302,PC,0,520,18%,754,702, ALIGARH LOCK CENTRE ,,1,AVAILABLE
SH 111 SH 222 ANT SOLID HANDLE,8302,PC,0,170,18%,246,229, ALIGARH LOCK CENTRE ,,1,AVAILABLE
SH 111 SH 222 SS SOLID HANDLE,8302,PC,0,140,18%,203,189, ALIGARH LOCK CENTRE ,,1,AVAILABLE
"SPH 1017 12"" SS/ANT PULL HANDLE",8302,PC,0,600,18%,870,810, ALIGARH LOCK CENTRE ,,1,AVAILABLE
"SPH 1018 12"" 40MM SS HANDLE",8302,PC,0,480,18%,696,648, ALIGARH LOCK CENTRE ,,1,AVAILABLE
"SPH HOCK 1021 12"" SS ANT HANDLE",8302,PC,0,550,18%,798,743, ALIGARH LOCK CENTRE ,,1,AVAILABLE
"SPH KIA 1016 1006 12"" SS ANT BK HANDLE",8302,PC,0,480,18%,696,648, ALIGARH LOCK CENTRE ,,1,AVAILABLE
"SPH V101 V202 12"" ANT HANDLE",8302,PC,0,480,18%,696,648, ALIGARH LOCK CENTRE ,,1,AVAILABLE
"SSH 088 101 8"" CYL M.LOCK",8302,PC,0,920,18%,1334,1242, ALIGARH LOCK CENTRE ,,1,AVAILABLE
SUGUNA PVC SCREW CAP (500PCS) PKT,3926,PC,0,125,18%,181,169, ALIGARH LOCK CENTRE ,,1,AVAILABLE
"SUMO SS 7"" M.LOCK",8302,PC,0,400,18%,580,540, ALIGARH LOCK CENTRE ,,1,AVAILABLE
"TOPLINE T BLOCK 10"" ANT PULL HANDLE",8302,PC,0,360,18%,522,486, ALIGARH LOCK CENTRE ,,1,AVAILABLE
"TOWER 12"" ANT CYL M.LOCK",8301,PC,0,2650,18%,3843,3578, ALIGARH LOCK CENTRE ,,1,AVAILABLE
"ZEDLINE CHESSLINE 18"" PULL HANDLE",8302,PC,0,990,18%,1436,1337, ALIGARH LOCK CENTRE ,,1,AVAILABLE
"ROZER 10"" BRASS ALDROP PRINCE",8302,PC,0,520,18%,754,702, ALIGARH LOCK CENTRE ,,1,AVAILABLE
"ROZER 4"" (12MM) ALU SS TOWER BOLT-SS/ANT",8302,PC,0,80,18%,116,108, ALIGARH LOCK CENTRE ,,1,AVAILABLE
"ROZER 6"" (12MM) ALU SS TOWER BOLT-SS/ANT",8302,PC,0,120,18%,174,162, ALIGARH LOCK CENTRE ,,1,AVAILABLE
ROZER 75MM SS CUPBOARD LOCK PRIME,8302,PC,0,60,18%,87,81, ALIGARH LOCK CENTRE ,,1,AVAILABLE
"ROZER 8"" (12MM) ALU SS TOWER BOLT-SS/ANT",8302,PC,0,160,18%,232,216, ALIGARH LOCK CENTRE ,,1,AVAILABLE
ROZER CUPBOARD LOCK 65MM BRASS,8302,PC,0,95,18%,138,128, ALIGARH LOCK CENTRE ,,1,AVAILABLE
"ROZER KIWI 14"" ANT BRASS M. LOCK",8302,PC,0,2450,18%,3553,3308, ALIGARH LOCK CENTRE ,,1,AVAILABLE
"ROZER TURBO 12"" ANT BRASS M.LOCK",8302,PC,0,2150,18%,3118,2903, ALIGARH LOCK CENTRE ,,1,AVAILABLE
"SPH 04 SPH 05 SPH 03 (12"" SS GLOSSY HANDLE)",8302,PC,0,350,18%,508,473, ALIGARH LOCK CENTRE ,,1,AVAILABLE
"WAVE 14"" ANT ALUM HANDLE",8302,PC,0,600,18%,870,810, ALIGARH LOCK CENTRE ,,1,AVAILABLE
"ROZER BRICK 8"" ANT KEY. M.LOCK (ZINC)",8302,PC,0,800,18%,1160,1080, ALIGARH LOCK CENTRE ,,1,AVAILABLE
"ROZER FORD 10"" SS CYL. M.LOCK",8302,PC,0,1250,18%,1813,1688, ALIGARH LOCK CENTRE ,,1,AVAILABLE
"ROZER FORD 8"" SS KEY. M.LOCK",8302,PC,0,650,18%,943,878, ALIGARH LOCK CENTRE ,,1,AVAILABLE
"ROZER JIO 10"" ANT CYL. M.LOCK",8302,PC,0,1250,18%,1813,1688, ALIGARH LOCK CENTRE ,,1,AVAILABLE
"ROZER SPL013 10"" SS CYL. M.LOCK",8302,PC,0,1250,18%,1813,1688, ALIGARH LOCK CENTRE ,,1,AVAILABLE
"ROZER SS-802 SS 7.5"" KEY M.LOCK",8302,PC,0,510,18%,740,689, ALIGARH LOCK CENTRE ,,1,AVAILABLE
"SPH 1005 30"" BLACK PULL HANDLE ROZER",8302,PC,0,780,18%,1131,1053, ALIGARH LOCK CENTRE ,,1,AVAILABLE
"SPH 1005 36"" BLACK PULL HANDLE ROZER",8302,PC,0,920,18%,1334,1242, ALIGARH LOCK CENTRE ,,1,AVAILABLE
"SPH 1005 36"" SS PULL HANDLE ROZER",8302,PC,0,800,18%,1160,1080, ALIGARH LOCK CENTRE ,,1,AVAILABLE
"AMW ABS 16""*5"" DELUXE WALL SHELF",3924,PC,0,136,18%,204,190, ASHAPURI ENTERPRISE ,,1,AVAILABLE
"AMW ABS 18""*5"" WALL SHELF",3924,PC,0,130,18%,195,182, ASHAPURI ENTERPRISE ,,1,AVAILABLE
"AMW ABS 20""*6"" TUMBLER SHELF",3924,PC,0,230,18%,345,322, ASHAPURI ENTERPRISE ,,1,AVAILABLE
AMW ABS 2IN1 BRUSH HOLDER,3924,PC,0,52,18%,78,73, ASHAPURI ENTERPRISE ,,1,AVAILABLE
AMW ABS 3IN1 SOAP DISH SHELF,3924,PC,0,83,18%,124,116, ASHAPURI ENTERPRISE ,,1,AVAILABLE
AMW ABS 3PCS CORNER SOAP SET,3924,PC,0,335,18%,502,469, ASHAPURI ENTERPRISE ,,1,AVAILABLE
AMW ABS 4IN1 SOAP DISH SHELF,3924,PC,0,85,18%,128,119, ASHAPURI ENTERPRISE ,,1,AVAILABLE
AMW ABS 5IN1 SOAP DISH CORNER,3924,PC,0,110,18%,165,154, ASHAPURI ENTERPRISE ,,1,AVAILABLE
AMW ABS B&W 3IN1 SHELF,3926,PC,0,105,18%,158,147, ASHAPURI ENTERPRISE ,,1,AVAILABLE
AMW ABS B&W 4IN1 SHELF,3926,PC,0,155,18%,232,217, ASHAPURI ENTERPRISE ,,1,AVAILABLE
AMW ABS B&W 5IN1 SHELF,3926,PC,0,220,18%,330,308, ASHAPURI ENTERPRISE ,,1,AVAILABLE
AMW ABS B&W MOBILE STAND,3926,PC,0,80,18%,120,112, ASHAPURI ENTERPRISE ,,1,AVAILABLE
AMW ABS DOUBLE SOAP DISH OVAL,3924,PC,0,44,18%,66,62, ASHAPURI ENTERPRISE ,,1,AVAILABLE
AMW ABS DOUBLE SOAP DISH SQUARE,3924,PC,0,59,18%,89,83, ASHAPURI ENTERPRISE ,,1,AVAILABLE
AMW ABS FOLDING TOWEL RACK W-HANG,3924,PC,0,354,18%,531,496, ASHAPURI ENTERPRISE ,,1,AVAILABLE
AMW ABS MIRROR CABINET(470*355*127),3922,PC,0,760,18%,1140,1064, ASHAPURI ENTERPRISE ,,1,AVAILABLE
AMW ABS MOBILE STAND,3924,PC,0,45,18%,67,63, ASHAPURI ENTERPRISE ,,1,AVAILABLE
AMW ABS MULTIUSER BRUSH HOLDER,3924,PC,0,80,18%,120,112, ASHAPURI ENTERPRISE ,,1,AVAILABLE
AMW ABS SINGLE SOAP DISH SQUARE,3924,PC,0,24,18%,36,34, ASHAPURI ENTERPRISE ,,1,AVAILABLE
AMW ABS TOWEL RING OVAL,3924,PC,0,40,18%,60,56, ASHAPURI ENTERPRISE ,,1,AVAILABLE
AMW ABS TOWEL RING TRIANGLE,3924,PC,0,40,18%,60,56, ASHAPURI ENTERPRISE ,,1,AVAILABLE
"AMW ABS TOWEL ROD 18""",3924,PC,0,89,18%,133,124, ASHAPURI ENTERPRISE ,,1,AVAILABLE
"AMW ABS TOWEL ROD 24""",3924,PC,0,118,18%,177,165, ASHAPURI ENTERPRISE ,,1,AVAILABLE
AMW ABS TV SETUP BOX STAND,3924,PC,0,125,18%,188,175, ASHAPURI ENTERPRISE ,,1,AVAILABLE
"AMW SS 24"" FOLDING TOWEL RACK",3924,PC,0,752,18%,1128,1053, ASHAPURI ENTERPRISE ,,1,AVAILABLE
"AMW SS 24"" TOWEL ROD FOLDABLE",3924,PC,0,368,18%,552,515, ASHAPURI ENTERPRISE ,,1,AVAILABLE
AMW SS 2IN1 SHELF,7324,PC,0,285,18%,427,399, ASHAPURI ENTERPRISE ,,1,AVAILABLE
AMW SS 3IN1 SHELF,7324,PC,0,445,18%,667,623, ASHAPURI ENTERPRISE ,,1,AVAILABLE
AMW SS 4IN1 SHELF,7324,PC,0,520,18%,780,728, ASHAPURI ENTERPRISE ,,1,AVAILABLE
AMW SS 5*12 DELUXE SHELF,7324,PC,0,320,18%,480,448, ASHAPURI ENTERPRISE ,,1,AVAILABLE
AMW SS 5IN1 SHELF,3924,PC,0,742,18%,1113,1039, ASHAPURI ENTERPRISE ,,1,AVAILABLE
ASTRON ALDROP 10*16MM ANT,8302,PC,0,285,18%,413,385, AYYANAR AGENCIES ,,1,AVAILABLE
CARR BOLT 45*6 ANTIQ PCS,8302,PC,0,4,18%,5,5, AYYANAR AGENCIES ,,1,AVAILABLE
GREE DOUBLE SIDE TAPE 50X,3919,PC,0,75,18%,109,101, AYYANAR AGENCIES ,,1,AVAILABLE
NEOSEAL NEOFLEX - 802 FLEXQUIK (20GM),3506,PC,0,41,18%,59,47, CHENDUR MURUGA TRADERS ,,1,AVAILABLE
SINGA SILICON BLACK 260ML,3214,PC,0,118,18%,171,140, CHENDUR MURUGA TRADERS ,,1,AVAILABLE
SINGA SILICON WHITE 260ML,3214,PC,0,118,18%,171,140, CHENDUR MURUGA TRADERS ,,1,AVAILABLE
DORSET DC40SM DOOR CLOSER,8302,PC,0,802,18%,1164,1083, DPJ TRADERS ,,1,AVAILABLE
DORSET DC60SM DOOR CLOSER,8302,PC,0,940,18%,1363,1269, DPJ TRADERS ,,1,AVAILABLE
L&T 2007/1 HANGING LITE,9405,PC,0,485,18%,728,679, LIGHT AND LIGHT RAPIDAS ,,1,AVAILABLE
L&T 2335 WALL LIGHT,9405,PC,0,575,18%,863,805, LIGHT AND LIGHT RAPIDAS ,,1,AVAILABLE
L&T 3848/1 WALL LIGHT,9405,PC,0,390,18%,585,546, LIGHT AND LIGHT RAPIDAS ,,1,AVAILABLE
L&T 5095 WALL LIGHT 3IN1 DUCK,9405,PC,0,495,18%,743,693, LIGHT AND LIGHT RAPIDAS ,,1,AVAILABLE
L&T 5576 3IN1 ROTATE,9405,PC,0,785,18%,1178,1099, LIGHT AND LIGHT RAPIDAS ,,1,AVAILABLE
L&T 6621 RG CHAIN HANGING,9405,PC,0,494,18%,741,692, LIGHT AND LIGHT RAPIDAS ,,1,AVAILABLE
L&T 7002 WALL LIGHT,9405,PC,0,470,18%,705,658, LIGHT AND LIGHT RAPIDAS ,,1,AVAILABLE
L&T 708 ALLAHU WALL LIGHT,9405,PC,0,440,18%,660,616, LIGHT AND LIGHT RAPIDAS ,,1,AVAILABLE
L&T 753 BK/GD CEILING SHADOW,9405,PC,0,890,18%,1335,1246, LIGHT AND LIGHT RAPIDAS ,,1,AVAILABLE
L&T 8317/1 HANGING,9405,PC,0,590,18%,885,826, LIGHT AND LIGHT RAPIDAS ,,1,AVAILABLE
L&T 8623/3P GLASS BLK HANGING,9405,PC,0,1390,18%,2085,1946, LIGHT AND LIGHT RAPIDAS ,,1,AVAILABLE
L&T 8827/5 HANGING,9405,PC,0,1250,18%,1875,1750, LIGHT AND LIGHT RAPIDAS ,,1,AVAILABLE
L&T 8893/6+3 HANGING ANT CHANDLIER,9405,PC,0,2600,18%,3900,3640, LIGHT AND LIGHT RAPIDAS ,,1,AVAILABLE
L&T 9804 SILVER WALL LIGHT,9405,PC,0,590,18%,885,826, LIGHT AND LIGHT RAPIDAS ,,1,AVAILABLE
L&T A201/1P WH+GD,9405,PC,0,400,18%,600,560, LIGHT AND LIGHT RAPIDAS ,,1,AVAILABLE
L&T A85 WALL JELLY LIGHT,9405,PC,0,645,18%,968,903, LIGHT AND LIGHT RAPIDAS ,,1,AVAILABLE
L&T BA73RG BA68RG BALL GLASS HANGING,9405,PC,0,590,18%,885,826, LIGHT AND LIGHT RAPIDAS ,,1,AVAILABLE
L&T F207,9405,PC,0,390,18%,585,546, LIGHT AND LIGHT RAPIDAS ,,1,AVAILABLE
L&T GATELITE 2032,9405,PC,0,600,18%,900,840, LIGHT AND LIGHT RAPIDAS ,,1,AVAILABLE
L&T GATELITE 2129 BG,9405,PC,0,500,18%,750,700, LIGHT AND LIGHT RAPIDAS ,,1,AVAILABLE
L&T GATELITE 518 SMALL D GREY,9405,PC,0,430,18%,645,602, LIGHT AND LIGHT RAPIDAS ,,1,AVAILABLE
"L&T GATELITE 7""BLACK",9405,PC,0,225,18%,338,315, LIGHT AND LIGHT RAPIDAS ,,1,AVAILABLE
L&T GATELITE DUPLEX BIG DILWALE GL09,9405,PC,0,400,18%,600,560, LIGHT AND LIGHT RAPIDAS ,,1,AVAILABLE
L&T GATELITE LEGEND 24W (WH-WW),9405,PC,0,650,18%,975,910, LIGHT AND LIGHT RAPIDAS ,,1,AVAILABLE
L&T J06 DEER WALL LIGHT,9405,PC,0,395,18%,593,553, LIGHT AND LIGHT RAPIDAS ,,1,AVAILABLE
L&T LEAF BROWN WALL LIGHT (ACRYLIC)904,9405,PC,0,325,18%,488,455, LIGHT AND LIGHT RAPIDAS ,,1,AVAILABLE
L&T ROPE HANGING,9405,PC,0,115,18%,173,161, LIGHT AND LIGHT RAPIDAS ,,1,AVAILABLE
L&T S215 RGB ROTATE CEILING,9405,PC,0,1190,18%,1785,1666, LIGHT AND LIGHT RAPIDAS ,,1,AVAILABLE
LX 6W CUBE CYLINDER BK-RG-WW,9405,PC,0,400,18%,600,560, PLITE ,,1,AVAILABLE
MPRO 100MM BREAK WHEEL HEAVY,8302,PC,2450,1535,18%,2226,2072, MEENAKSHI TRADING ,,1,AVAILABLE
MPRO 62MM BREAK WHEEL HEAVY,8302,PC,1650,1095,18%,1588,1478, MEENAKSHI TRADING ,,1,AVAILABLE
MPRO 75MM BREAK WHEEL HEAVY,8302,PC,2050,1285,18%,1863,1735, MEENAKSHI TRADING ,,1,AVAILABLE
"PEKT 8"" CYL. LOCK MS31",8302,PC,0,1100,18%,1595,1485, ROSE HARDWARES ,,1,AVAILABLE
PEKT VERTIBOLT KEA-7011 OSK LOCK,8302,PC,0,1307,18%,1895,1764, ROSE HARDWARES ,,1,AVAILABLE
PLITE 9342A BOX LITE,9405,PC,0,650,18%,943,878, PLITE ,,1,AVAILABLE
PLITE PL205 KLITE 689 (2-WAY),9405,PC,0,290,18%,421,392, PLITE ,,1,AVAILABLE
STEELS KNOB MAIKA WENGI,8301,PC,0,20,18%,29,27, ROSE HARDWARES ,,1,AVAILABLE
"TOPPLUS 10"" ALDROP 14MM FANCY LASER-SS",8302,PC,0,145,18%,210,196, ROSE HARDWARES ,,1,AVAILABLE
"TOPPLUS 10"" ALDROP 5MM DELUXE HVY",8302,PC,0,250,18%,363,338, ROSE HARDWARES ,,1,AVAILABLE
TRIPLE BASE FOR HANGING LITE,9405,PC,0,100,18%,150,140, LIGHT AND LIGHT RAPIDAS ,,1,AVAILABLE
"TRUST 8"" CYLINDER LOCK (TOPLINE)",8302,PC,0,1250,18%,1813,1688, ROSE HARDWARES ,,1,AVAILABLE
WUDFIL WOOD FIL (50GM),3208,PC,0,102,18%,148,138, ABIRAMI AGENCY ,,1,AVAILABLE
MOHAN 6MM GLASS RUNNER DOUBLE BEARING,8483,PC,0,24,18%,35,32, MEENAKSHI TRADING ,,1,AVAILABLE
MOHAN 8MM GLASS RUNNER SINGLE BEARING,8483,PC,0,27,18%,39,36, MEENAKSHI TRADING ,,1,AVAILABLE
JAGUAR 2NO. MAGNET,8302,PC,0,13,18%,19,18, HARDWARE POINT ,,1,AVAILABLE
JAGUAR 3NO. MAGNET,8302,PC,0,16,18%,24,22, HARDWARE POINT ,,1,AVAILABLE
JAGUAR 4NO. DOOR MAGNET MINI,8302,PC,0,40,18%,58,54, HARDWARE POINT ,,1,AVAILABLE
WELGRO 25MM BLK VELGRO,5806,PC,0,184,18%,266,248, HARDWARE POINT ,,1,AVAILABLE
"ALMAS 12"" (12MM) ANT TOWER BOLT",8302,PC,0,229,18%,332,309, IMAGE SELECTION ,,1,AVAILABLE
"ALMAS 18"" (12MM) ANT TOWER BOLT",8302,PC,0,343,18%,498,464, IMAGE SELECTION ,,1,AVAILABLE
"ALMAS 24"" (12MM) ANT TOWER BOLT",8302,PC,0,458,18%,664,618, IMAGE SELECTION ,,1,AVAILABLE
"CLASSY 2"" SS GATE HOOK-HVY",8302,PC,0,14,18%,21,19, IMAGE SELECTION ,,1,AVAILABLE
"CLASSY 2.1/2"" SS GATE HOOK-HVY",8302,PC,0,13,18%,19,18, IMAGE SELECTION ,,1,AVAILABLE
"CLASSY 5"" SS GATE HOOK-HVY",8302,PC,0,15,18%,22,20, IMAGE SELECTION ,,1,AVAILABLE
CLASSY 5*1.1/8*3MM BRASS HINGES AB,8302,PC,0,314,18%,455,424, IMAGE SELECTION ,,1,AVAILABLE
"CLASSY 6"" SS-ANT GATE HOOK-HVY",8302,PC,0,17,18%,24,23, IMAGE SELECTION ,,1,AVAILABLE
CLASSY 6*1.1/8*3MM BRASS HINGES AB,8302,PC,0,378,18%,548,510, IMAGE SELECTION ,,1,AVAILABLE
CLASSY 8*10 ANT-SS HEEL,8302,PC,0,245,18%,356,331, IMAGE SELECTION ,,1,AVAILABLE
CPY BELL DOOR MAGNET NO.01 AB,8302,PC,0,104,18%,151,140, IMAGE SELECTION ,,1,AVAILABLE
CPY BELL DOOR MAGNET NO.20 AB BIG,8302,PC,0,109,18%,157,147, IMAGE SELECTION ,,1,AVAILABLE
INDIGO MPL LOCK,8301,PC,0,60,18%,87,81, IMAGE SELECTION ,,1,AVAILABLE
M7 DELUXE DOOR CATCHER GAPSI,8302,PC,0,35,18%,51,48, IMAGE SELECTION ,,1,AVAILABLE
RAJEN MULTIPURPOSE LOCK 12-25MM PAVAN,8301,PC,0,153,18%,222,206, IMAGE SELECTION ,,1,AVAILABLE
"TULIP 5"" CYL ANT DOOR LOCK",8301,PC,0,1232,18%,1786,1663, IMAGE SELECTION ,,1,AVAILABLE
170C ROSE GOLD PIPE BRACKET SET 170D,8302,PC,0,120,18%,174,162, JAI AMBAI HARDWARES ,,1,AVAILABLE
AIR PATH 6*4 BLACK(JAI AMBAI),8302,PC,0,72,18%,104,97, JAI AMBAI HARDWARES ,,1,AVAILABLE
AIR PATH 8*4 BLACK(JAI AMBAI),8302,PC,0,86,18%,125,117, JAI AMBAI HARDWARES ,,1,AVAILABLE
"BHAVANI BEED KALASAM 5""",8301,PC,0,95,18%,138,128, JAI AMBAI HARDWARES ,,1,AVAILABLE
"BHAVANI BEED KALASAM 6""",8301,PC,0,140,18%,203,189, JAI AMBAI HARDWARES ,,1,AVAILABLE
"BHAVANI BEED KALASAM 7""",8301,PC,0,180,18%,261,243, JAI AMBAI HARDWARES ,,1,AVAILABLE
"BHAVANI BEED KALASAM 8""",8301,PC,0,430,18%,623,580, JAI AMBAI HARDWARES ,,1,AVAILABLE
"BHUMI 7"" FLOWER GLEMER ANTIQ HANDLE",8301,PC,0,147,18%,213,198, JAI AMBAI HARDWARES ,,1,AVAILABLE
"BHUMI 7"" FLOWER GLEMER SS HANDLE",8301,PC,0,117,18%,170,158, JAI AMBAI HARDWARES ,,1,AVAILABLE
"BHUMI 8"" RING KALASH VELAN ANTIQ HANDLE",8301,PC,0,192,18%,278,259, JAI AMBAI HARDWARES ,,1,AVAILABLE
BRASS L HINGES 4*1/2*12MM,8302,PC,0,130,18%,188,175, JAI AMBAI HARDWARES ,,1,AVAILABLE
BRASS L HINGES 4*1/2*19MM,8302,PC,0,148,18%,215,200, JAI AMBAI HARDWARES ,,1,AVAILABLE
BRASS L HINGES 4*1/2*6MM,8302,PC,0,112,18%,162,151, JAI AMBAI HARDWARES ,,1,AVAILABLE
DAISY WAVE DRAWER LOCK,8302,PC,0,125,18%,181,169, JAI AMBAI HARDWARES ,,1,AVAILABLE
"DRIP199-BLACK 10"" HANDLE",8302,PC,0,113,18%,164,152, JAI AMBAI HARDWARES ,,1,AVAILABLE
"DRIP199-BLACK 4"" HANDLE",8302,PC,0,58,18%,84,78, JAI AMBAI HARDWARES ,,1,AVAILABLE
"DRIP199-BLACK 6"" HANDLE",8302,PC,0,77,18%,111,104, JAI AMBAI HARDWARES ,,1,AVAILABLE
"DRIP199-BLACK 8"" HANDLE",8302,PC,0,96,18%,139,130, JAI AMBAI HARDWARES ,,1,AVAILABLE
"DRIP199-PVD GOLD/R/GOLD 10"" HANDLE",8302,PC,0,146,18%,212,198, JAI AMBAI HARDWARES ,,1,AVAILABLE
"DRIP199-PVD GOLD/R/GOLD 4"" HANDLE",8302,PC,0,72,18%,104,97, JAI AMBAI HARDWARES ,,1,AVAILABLE
"DRIP199-PVD GOLD/R/GOLD 6"" HANDLE",8302,PC,0,96,18%,139,130, JAI AMBAI HARDWARES ,,1,AVAILABLE
"DRIP199-PVD GOLD/R/GOLD 8"" HANDLE",8302,PC,0,121,18%,175,163, JAI AMBAI HARDWARES ,,1,AVAILABLE
"LAVI BRASS MORTICE LOCK 10"" MONOLISA",8302,PC,0,1600,18%,2320,2160, JAI AMBAI HARDWARES ,,1,AVAILABLE
"LAVI BRASS MORTICE LOCK 7"" S/GOLD",8301,PC,0,590,18%,856,797, JAI AMBAI HARDWARES ,,1,AVAILABLE
"LAVI BRASS MORTICE LOCK 8"" S/GOLD CYL",8301,PC,0,1420,18%,2059,1917, JAI AMBAI HARDWARES ,,1,AVAILABLE
LAXMI DOOR MAGNET NO.5 (SS),3925,PC,0,42,18%,61,57, JAI AMBAI HARDWARES ,,1,AVAILABLE
"MITTAL 10"" CYL LOCK ODIN",8301,PC,0,1500,18%,2175,2025, JAI AMBAI HARDWARES ,,1,AVAILABLE
"MITTAL 10"" CYL LOCK THOR",8301,PC,0,1450,18%,2103,1958, JAI AMBAI HARDWARES ,,1,AVAILABLE
"MITTAL 10"" CYL LOCK THOR - SS",8301,PC,0,1400,18%,2030,1890, JAI AMBAI HARDWARES ,,1,AVAILABLE
"NAMAN GM-N.08 7"" KY ANT/GLOSSY",8301,PC,0,390,18%,565,526, JAI AMBAI HARDWARES ,,1,AVAILABLE
"NAMASH 501 GM SS 8"" CYL M.LOCK",8301,PC,0,800,18%,1160,1080, JAI AMBAI HARDWARES ,,1,AVAILABLE
"NAMASH 7"" KY SS M.LOCK",8301,PC,0,360,18%,522,486, JAI AMBAI HARDWARES ,,1,AVAILABLE
"NAMASH HACTER GM B/G 8"" KEY M.LOCK",8301,PC,0,550,18%,798,743, JAI AMBAI HARDWARES ,,1,AVAILABLE
"NAMASH HOCKEY GM SATIN 8"" CYL M.LOCK",8301,PC,0,800,18%,1160,1080, JAI AMBAI HARDWARES ,,1,AVAILABLE
ONFIT SS003 300MM ANT HANDLE,8302,PC,0,865,18%,1254,1168, JAI AMBAI HARDWARES ,,1,AVAILABLE
ONFIT SS003 300MM BLACK HANDLE,8302,PC,0,825,18%,1197,1114, JAI AMBAI HARDWARES ,,1,AVAILABLE
"PERFECT 1414-1415 11"" BRASS M.LOCK",8302,PC,0,1950,18%,2828,2633, JAI AMBAI HARDWARES ,,1,AVAILABLE
"PERFECT BRASS 11"" MORTICE LOCK CY 1084",8302,PC,0,1800,18%,2610,2430, JAI AMBAI HARDWARES ,,1,AVAILABLE
"ROLEX 10"" HANDLE ANT",8302,PC,0,445,18%,645,601, JAI AMBAI HARDWARES ,,1,AVAILABLE
"YAMA 2.1/2"" SS TOWER BOLT",8302,PC,0,33,18%,48,45, JAI AMBAI HARDWARES ,,1,AVAILABLE
CAMEL 1*1 L-CLAMP,8308,PC,0,2,18%,4,3, JAYA PUSHPAM HARDWARES ,,1,AVAILABLE
"HONDA 6"" ANT DOOR STOPPER",8302,PC,0,62,18%,90,84, KAVERI HARDWARES ,,1,AVAILABLE
KAIZON VASE DOOR MAGNET-ANT,8302,PC,0,100,18%,145,135, KAVERI HARDWARES ,,1,AVAILABLE
KAIZON VASE DOOR MAGNET-SS,8302,PC,0,85,18%,123,115, KAVERI HARDWARES ,,1,AVAILABLE
KAVERI (10*8) AIR PATH JALI,8302,PC,0,140,18%,203,189, KAVERI HARDWARES ,,1,AVAILABLE
KAVERI (12*4) AIR PATH JALI,8302,PC,0,50,18%,73,68, KAVERI HARDWARES ,,1,AVAILABLE
KAVERI (12*6) AIR PATH JALI,8302,PC,0,90,18%,131,122, KAVERI HARDWARES ,,1,AVAILABLE
KAVERI (4*4) AIR PATH JALI,8302,PC,0,28,18%,41,38, KAVERI HARDWARES ,,1,AVAILABLE
KAVERI (6*4) AIR PATH JALI ANT,8302,PC,0,112,18%,162,151, KAVERI HARDWARES ,,1,AVAILABLE
KAVERI (6*4) AIR PATH JALI BLACK,8302,PC,0,92,18%,133,124, KAVERI HARDWARES ,,1,AVAILABLE
KAVERI (8*4) AIR PATH JALI  R/GOLD,8302,PC,0,140,18%,203,189, KAVERI HARDWARES ,,1,AVAILABLE
KAVERI (8*4) AIR PATH JALI BLACK,8302,PC,0,112,18%,162,151, KAVERI HARDWARES ,,1,AVAILABLE
KAVERI (8*8) AIR PATH JALI,8302,PC,0,115,18%,167,155, KAVERI HARDWARES ,,1,AVAILABLE
"KAVERI 10"" TIE DISPLAY HOOK",8302,PC,0,20,18%,29,27, KAVERI HARDWARES ,,1,AVAILABLE
"KAVERI 10"" TIKTOK BLK HANDLE",7604,PC,0,125,18%,181,169, KAVERI HARDWARES ,,1,AVAILABLE
KAVERI 1005 KADI HANDLE,8302,PC,0,41,18%,59,55, KAVERI HARDWARES ,,1,AVAILABLE
KAVERI 1006 CURTAIN BRACKET,8302,PC,0,175,18%,254,236, KAVERI HARDWARES ,,1,AVAILABLE
KAVERI 1032 KADI ANT,8302,PC,0,45,18%,65,61, KAVERI HARDWARES ,,1,AVAILABLE
KAVERI 1041 KADI ANT,8302,PC,0,60,18%,87,81, KAVERI HARDWARES ,,1,AVAILABLE
"KAVERI 12"" D CANDY BLACK HANDLE",7907,PC,0,145,18%,210,196, KAVERI HARDWARES ,,1,AVAILABLE
"KAVERI 12"" TIE DISPLAY HOOK",8302,PC,0,23,18%,33,31, KAVERI HARDWARES ,,1,AVAILABLE
"KAVERI 12"" TIKTOK BLACK HANDLE",7907,PC,0,145,18%,210,196, KAVERI HARDWARES ,,1,AVAILABLE
KAVERI 2.5MM L-BET DOUBLE BUSH,8302,PC,0,9,18%,13,12, KAVERI HARDWARES ,,1,AVAILABLE
"KAVERI 3"" PUSH MAGNET WHITE",8302,PC,0,42,18%,61,57, KAVERI HARDWARES ,,1,AVAILABLE
KAVERI 38MM DOOM B/A,8302,PC,0,45,18%,65,61, KAVERI HARDWARES ,,1,AVAILABLE
"KAVERI 4"" 121 KADI R/G-BLK-ANT",8302,PC,0,55,18%,80,74, KAVERI HARDWARES ,,1,AVAILABLE
"KAVERI 4"" 121 KADI SS T1",8302,PC,0,50,18%,73,68, KAVERI HARDWARES ,,1,AVAILABLE
"KAVERI 4"" LEG DHOLL 50MM RG",8302,PC,0,125,18%,181,169, KAVERI HARDWARES ,,1,AVAILABLE
"KAVERI 4"" LEG DHOLL 63MM RG",8302,PC,0,145,18%,210,196, KAVERI HARDWARES ,,1,AVAILABLE
"KAVERI 4"" LEG NO.22 AYUSH",8302,PC,0,65,18%,94,88, KAVERI HARDWARES ,,1,AVAILABLE
"KAVERI 4"" LEG NO.23 AYUSH",8302,PC,0,70,18%,102,95, KAVERI HARDWARES ,,1,AVAILABLE
KAVERI 514 ROSETTE LOCK PVD FULL,8302,PC,0,2600,18%,3770,3510, KAVERI HARDWARES ,,1,AVAILABLE
KAVERI 5MM L-BET DOUBLE BUSH,8302,PC,0,16,18%,23,22, KAVERI HARDWARES ,,1,AVAILABLE
"KAVERI 6"" HEX ANT TOWER BOLT",8302,PC,0,108,18%,157,146, KAVERI HARDWARES ,,1,AVAILABLE
"KAVERI 6"" TIKTOK BLACK HANDLE",7907,PC,0,85,18%,123,115, KAVERI HARDWARES ,,1,AVAILABLE
KAVERI 6MM GLASS HINGES SET,8302,PC,0,130,18%,189,176, KAVERI HARDWARES ,,1,AVAILABLE
"KAVERI 8"" TIE DISPLAY HOOK",8302,PC,0,18,18%,26,24, KAVERI HARDWARES ,,1,AVAILABLE
"KAVERI 8"" TIKTOK BLACK HANDLE",7907,PC,0,105,18%,152,142, KAVERI HARDWARES ,,1,AVAILABLE
KAVERI 8*10 AIR PATH JALI,8302,PC,0,140,18%,203,189, KAVERI HARDWARES ,,1,AVAILABLE
KAVERI 8*12 AIR PATH JALI,8302,PC,0,175,18%,254,236, KAVERI HARDWARES ,,1,AVAILABLE
KAVERI 8*4 AIR PATH JALI,8302,PC,0,38,18%,55,51, KAVERI HARDWARES ,,1,AVAILABLE
KAVERI 8*4 AIR PATH JALI PVC,8302,PC,0,40,18%,58,54, KAVERI HARDWARES ,,1,AVAILABLE
KAVERI K-01 SMALL SATIN BLK/RG,8302,PC,0,75,18%,109,101, KAVERI HARDWARES ,,1,AVAILABLE
KAVERI MIRROR STUD 6MM HALF BRACKET,8301,PC,0,11,18%,16,15, KAVERI HARDWARES ,,1,AVAILABLE
KAVERI V KNOB SQUARE COLA KNOB,8302,PC,0,40,18%,58,54, KAVERI HARDWARES ,,1,AVAILABLE
KODIA INDICATOR VACANT LOCK,8302,PC,0,210,18%,304,283, KAVERI HARDWARES ,,1,AVAILABLE
"LC101 4"" CONCEALED ROSEGOLD",8302,PC,0,88,18%,128,119, KAVERI HARDWARES ,,1,AVAILABLE
"LC101 8"" CONCEALED ROSEGOLD",8302,PC,0,156,18%,226,211, KAVERI HARDWARES ,,1,AVAILABLE
MOHAN 6WHEEL JUMBO HVY MP-107 FIX,8302,PC,0,338,18%,490,456, KAVERI HARDWARES ,,1,AVAILABLE
MOHAN 6WHEEL ORANGE MOVING MP-102,8302,PC,0,272,18%,394,367, KAVERI HARDWARES ,,1,AVAILABLE
MOHAN MP-101 BIG 6WHEEL ORANGE FIX,8302,PC,0,168,18%,244,227, KAVERI HARDWARES ,,1,AVAILABLE
MPRO 40MM BREAK WHEEL HEAVY,8302,PC,0,348,18%,505,470, KAVERI HARDWARES ,,1,AVAILABLE
MPRO 50MM BREAK WHEEL HEAVY,8302,PC,0,428,18%,621,578, KAVERI HARDWARES ,,1,AVAILABLE
"POORAN JALPA 10"" SRE S-08",8302,PC,0,820,18%,1189,1107, KAVERI HARDWARES ,,1,AVAILABLE
"POORAN JALPA 12"" SRE S-08",8302,PC,0,900,18%,1305,1215, KAVERI HARDWARES ,,1,AVAILABLE
"POORAN JALPA 8"" SRE S-08",8302,PC,0,450,18%,652,607, KAVERI HARDWARES ,,1,AVAILABLE
"TARANG (314) 12"" BLACK HANDLE",8302,PC,0,900,18%,1305,1215, KAVERI HARDWARES ,,1,AVAILABLE
"TARANG (323) 18""(450MM) PVD RG HANDLE",8302,PC,0,1420,18%,2059,1917, KAVERI HARDWARES ,,1,AVAILABLE
"KEESA 12"" BRASS TOWER BOLT HVY",8302,PC,0,685,18%,993,925, KEESA HARDWARE ,,1,AVAILABLE
"KEESA 4"" 10MM (3/8)BRASS TOWER BOLT",8302,PC,0,125,18%,181,169, KEESA HARDWARE ,,1,AVAILABLE
KEESA 4*1.1/8*1/8 BRASS HINGES ANT,8302,PC,0,159,18%,231,215, KEESA HARDWARE ,,1,AVAILABLE
KEESA 5*1.1/4*5/32 BRASS HINGES ANT,8302,PC,0,319,18%,463,431, KEESA HARDWARE ,,1,AVAILABLE
KEESA 5*1.1/8*2.5MM BRASS HINGES ANT,8302,PC,0,243,18%,352,328, KEESA HARDWARE ,,1,AVAILABLE
KEESA 6*1.1/4*3/16 BRASS HINGES ANT,8302,PC,0,483,18%,700,652, KEESA HARDWARE ,,1,AVAILABLE
KEESA 6*1.1/4*5/32 BRASS HINGES,8302,PC,0,397,18%,575,536, KEESA HARDWARE ,,1,AVAILABLE
KEESA 8*1.1/2*3/16 BRASS HINGES ANT,8302,PC,0,897,18%,1300,1210, KEESA HARDWARE ,,1,AVAILABLE
KEESA 8*1.1/4*3/16 BRASS HINGES ANT,8302,PC,0,711,18%,1031,960, KEESA HARDWARE ,,1,AVAILABLE
KEESA A-1071 ANT COAT HOOK FANCY,8302,PC,0,39,18%,57,53, KEESA HARDWARE ,,1,AVAILABLE
KEESA A-1071 SS COAT HOOK FANCY,8302,PC,0,31,18%,45,42, KEESA HARDWARE ,,1,AVAILABLE
KEESA A-1073 COAT HOOK FANCY,8302,PC,0,119,18%,173,161, KEESA HARDWARE ,,1,AVAILABLE
KEESA AW-1003 COT HOOK FANCY,8302,PC,0,115,18%,167,156, KEESA HARDWARE ,,1,AVAILABLE
KEESA AW-1005 COT HOOK FANCY,8302,PC,0,65,18%,95,88, KEESA HARDWARE ,,1,AVAILABLE
KEESA KE-403 160MM BLACK HANDLE,8302,PC,0,142,18%,206,192, KEESA HARDWARE ,,1,AVAILABLE
KEESA KE-403 224MM BLACK HANDLE,8302,PC,0,171,18%,248,231, KEESA HARDWARE ,,1,AVAILABLE
KEESA KE-403 288MM BLACK HANDLE,8302,PC,0,205,18%,297,277, KEESA HARDWARE ,,1,AVAILABLE
KEESA KE-403 96MM BLACK HANDLE,8302,PC,0,90,18%,131,122, KEESA HARDWARE ,,1,AVAILABLE
KEESA KE-707 MATT 128MM HANDLE,8302,PC,0,90,18%,131,122, KEESA HARDWARE ,,1,AVAILABLE
KEESA KE-707 MATT 160MM HANDLE,8302,PC,0,108,18%,157,146, KEESA HARDWARE ,,1,AVAILABLE
KEESA KE-707 MATT 224MM HANDLE,8302,PC,0,135,18%,196,182, KEESA HARDWARE ,,1,AVAILABLE
KEESA KE-707 MATT 96MM HANDLE,8302,PC,0,72,18%,104,97, KEESA HARDWARE ,,1,AVAILABLE
KEESA OVEL DOOR STOPPER SATIN ANTIQUE,8302,PC,0,210,18%,304,283, KEESA HARDWARE ,,1,AVAILABLE
KEESA S-108 KNOB BLACK/ALL,8302,PC,0,88,18%,127,118, KEESA HARDWARE ,,1,AVAILABLE
KEESA S-110 KNOB,8302,PC,0,68,18%,98,91, KEESA HARDWARE ,,1,AVAILABLE
MANISH 3MM L-BET DOUBLE BUSH,8302,PC,0,15,18%,22,20, KEESA HARDWARE ,,1,AVAILABLE
MANISH 5MM L-BET DOUBLE BUSH,8302,PC,0,18,18%,26,24, KEESA HARDWARE ,,1,AVAILABLE
LL822 LL834/300MM CEILING,9405,PC,0,790,18%,1185,1106, LIGHT AND LIGHT RAPIDAS ,,1,AVAILABLE
LL822 LL834/400MM CEILING,9405,PC,0,1150,18%,1725,1610, LIGHT AND LIGHT RAPIDAS ,,1,AVAILABLE
LL9005,9405,PC,0,698,18%,1047,977, LIGHT AND LIGHT RAPIDAS ,,1,AVAILABLE
LL9031/5+1 RGD,9405,PC,0,2095,18%,3143,2933, LIGHT AND LIGHT RAPIDAS ,,1,AVAILABLE
LL906/2,9405,PC,0,598,18%,897,837, LIGHT AND LIGHT RAPIDAS ,,1,AVAILABLE
LLA1037/6,9405,PC,0,2900,18%,4350,4060, LIGHT AND LIGHT RAPIDAS ,,1,AVAILABLE
LLA1066,9405,PC,0,390,18%,585,546, LIGHT AND LIGHT RAPIDAS ,,1,AVAILABLE
LLA1091,9405,PC,0,690,18%,1035,966, LIGHT AND LIGHT RAPIDAS ,,1,AVAILABLE
LLA1094,9405,PC,0,695,18%,1043,973, LIGHT AND LIGHT RAPIDAS ,,1,AVAILABLE
LLA1276,9405,PC,0,260,18%,390,364, LIGHT AND LIGHT RAPIDAS ,,1,AVAILABLE
LLA1379 LLA1378,9405,PC,0,990,18%,1485,1386, LIGHT AND LIGHT RAPIDAS ,,1,AVAILABLE
LLA1425/1P,9405,PC,0,350,18%,525,490, LIGHT AND LIGHT RAPIDAS ,,1,AVAILABLE
LLA1926,9405,PC,0,580,18%,870,812, LIGHT AND LIGHT RAPIDAS ,,1,AVAILABLE
LL-A2125-17 MOTEL CHANDLIER S184,9405,PC,0,8500,18%,12750,11900, LIGHT AND LIGHT RAPIDAS ,,1,AVAILABLE
LLAY8003A,9405,PC,0,690,18%,1035,966, LIGHT AND LIGHT RAPIDAS ,,1,AVAILABLE
LLD 3314 WF,9405,PC,0,440,18%,660,616, LIGHT AND LIGHT RAPIDAS ,,1,AVAILABLE
LLD3258 WF,9405,PC,0,698,18%,1047,977, LIGHT AND LIGHT RAPIDAS ,,1,AVAILABLE
LLD3300 HG,9405,PC,0,7980,18%,11970,11172, LIGHT AND LIGHT RAPIDAS ,,1,AVAILABLE
LLD3445 HG,9405,PC,0,698,18%,1047,977, LIGHT AND LIGHT RAPIDAS ,,1,AVAILABLE
LLD3616 FGD,9405,PC,0,380,18%,570,532, LIGHT AND LIGHT RAPIDAS ,,1,AVAILABLE
LLD3882 FGB 3IN1 WALL LITE,9405,PC,0,598,18%,897,837, LIGHT AND LIGHT RAPIDAS ,,1,AVAILABLE
LLD5058 WF,9405,PC,0,980,18%,1470,1372, LIGHT AND LIGHT RAPIDAS ,,1,AVAILABLE
LLD5184 WF,9405,PC,0,498,18%,747,697, LIGHT AND LIGHT RAPIDAS ,,1,AVAILABLE
LLD5190 WF,9405,PC,0,490,18%,735,686, LIGHT AND LIGHT RAPIDAS ,,1,AVAILABLE
LLD5266 HG,9405,PC,0,2900,18%,4350,4060, LIGHT AND LIGHT RAPIDAS ,,1,AVAILABLE
LLD5572 AUTO,9405,PC,0,1150,18%,1725,1610, LIGHT AND LIGHT RAPIDAS ,,1,AVAILABLE
LLD5576 AUTO,9405,PC,0,1150,18%,1725,1610, LIGHT AND LIGHT RAPIDAS ,,1,AVAILABLE
LLD5577 AUTO,9405,PC,0,2400,18%,3600,3360, LIGHT AND LIGHT RAPIDAS ,,1,AVAILABLE
8146 WOODEN HANGING,9405,PC,0,695,18%,1042,973, LIGHT AND LIGHT STRIKER ,,1,AVAILABLE
9805 WOODEN HANGING,9405,PC,0,695,18%,1042,973, LIGHT AND LIGHT STRIKER ,,1,AVAILABLE
C1057 CEILING LIGHT 400MM,9405,PC,0,790,18%,1185,1106, LIGHT AND LIGHT STRIKER ,,1,AVAILABLE
C613 CEILING LIGHT 500MM,9405,PC,0,1790,18%,2685,2506, LIGHT AND LIGHT STRIKER ,,1,AVAILABLE
"L&T 111 GATE LITE 6"" (BK - SS)",9405,PC,0,216,18%,324,302, LIGHT AND LIGHT STRIKER ,,1,AVAILABLE
"L&T 114 BLK MILKY 8"" GATELIGHT",9405,PC,0,405,18%,607,567, LIGHT AND LIGHT STRIKER ,,1,AVAILABLE
L&T 2021 CFG GATELITE E27 ROUND,9405,PC,0,865,18%,1297,1211, LIGHT AND LIGHT STRIKER ,,1,AVAILABLE
L&T 2026S ANT GATE LIGHT,9405,PC,0,460,18%,690,644, LIGHT AND LIGHT STRIKER ,,1,AVAILABLE
L&T 2129 BKG GATELITE E27,9405,PC,0,500,18%,750,700, LIGHT AND LIGHT STRIKER ,,1,AVAILABLE
L&T 2206 RINCAL MEDIUM GATE LIGHT,9405,PC,0,650,18%,975,910, LIGHT AND LIGHT STRIKER ,,1,AVAILABLE
"L&T 320 PVC 8"" GATELIGHT",9405,PC,0,218,18%,327,305, LIGHT AND LIGHT STRIKER ,,1,AVAILABLE
"L&T 320SS 8"" GATELIGHT",9405,PC,0,288,18%,431,403, LIGHT AND LIGHT STRIKER ,,1,AVAILABLE
L&T 6635BIG/BKG ANTIQUE,9405,PC,0,850,18%,1275,1190, LIGHT AND LIGHT STRIKER ,,1,AVAILABLE
L&T 6692 SMALL/BKG GATELITE E27,9405,PC,0,612,18%,918,857, LIGHT AND LIGHT STRIKER ,,1,AVAILABLE
"L&T 8"" UB CLEAR YELLOW GATE LITE",9405,PC,0,147,18%,220,206, LIGHT AND LIGHT STRIKER ,,1,AVAILABLE
"L&T 8"" UB MILKY GATE LITE",9405,PC,0,145,18%,218,203, LIGHT AND LIGHT STRIKER ,,1,AVAILABLE
L&T GATELITE DUPLEX MINI,9405,PC,0,300,18%,450,420, LIGHT AND LIGHT STRIKER ,,1,AVAILABLE
L&T GATELITE HURRICANE SMALL,9405,PC,0,315,18%,472,441, LIGHT AND LIGHT STRIKER ,,1,AVAILABLE
L&T GL8085 E27 BULB GATE LITE,9405,PC,0,305,18%,457,427, LIGHT AND LIGHT STRIKER ,,1,AVAILABLE
L&T HURRICANE GATELITE BIG,9405,PC,0,495,18%,743,693, LIGHT AND LIGHT STRIKER ,,1,AVAILABLE
L&T NIVI GATE LIGHT,9405,PC,0,225,18%,338,316, LIGHT AND LIGHT STRIKER ,,1,AVAILABLE
L&T VICTORIA B22 GATE LIGHT,9405,PC,0,368,18%,552,515, LIGHT AND LIGHT STRIKER ,,1,AVAILABLE
PLITE 2602CL,9405,PC,0,2100,18%,3150,2940, LIGHT AND LIGHT STRIKER ,,1,AVAILABLE
PLITE 2608CL - 2609CL,9405,PC,0,1750,18%,2625,2450, LIGHT AND LIGHT STRIKER ,,1,AVAILABLE
PLITE ROTATE XL2100 XL2109,9405,PC,0,500,18%,750,700, LIGHT AND LIGHT STRIKER ,,1,AVAILABLE
"KAVERI 4"" HEX ANT TOWER BOLT",8302,PC,0,80,18%,116,108, MARUTHI HARDWARES ,,1,AVAILABLE
"KAVERI 4"" TIE DISPLAY HOOK",8302,PC,0,14,18%,20,19, MARUTHI HARDWARES ,,1,AVAILABLE
"KAVERI 6"" OHM HALF ROUND HANDLE OM",8302,PC,0,850,18%,1232,1147, MARUTHI HARDWARES ,,1,AVAILABLE
"KAVERI 6"" TIE DISPLAY HOOK",8302,PC,0,16,18%,23,22, MARUTHI HARDWARES ,,1,AVAILABLE
"KAVERI 8"" GANESH AB HANDLE",8302,PC,0,1100,18%,1595,1485, MARUTHI HARDWARES ,,1,AVAILABLE
"KAVERI 8"" HEX ANT TOWER BOLT",8302,PC,0,160,18%,232,216, MARUTHI HARDWARES ,,1,AVAILABLE
MP-118 MOVING MOHAN WHEEL,8302,PC,0,232,18%,336,313, MARUTHI HARDWARES ,,1,AVAILABLE
JNL FLOWER PUSHPA CK285/6 RGB,9405,PC,0,430,18%,645,602, MILLION LIGHT ,,1,AVAILABLE
"1001-MANISH 10"" R/G-BLK HANDLE",8302,PC,0,190,18%,275,256, NARESH LOCK HOUSE ,,1,AVAILABLE
"1001-MANISH 12"" R/G-BLK HANDLE",8302,PC,0,228,18%,331,308, NARESH LOCK HOUSE ,,1,AVAILABLE
"1001-MANISH 18"" R/G-BLK HANDLE",8302,PC,0,342,18%,496,462, NARESH LOCK HOUSE ,,1,AVAILABLE
"1001-MANISH 24"" R/G-BLK HANDLE",8302,PC,0,456,18%,661,616, NARESH LOCK HOUSE ,,1,AVAILABLE
"1001-MANISH 36"" R/G-BLK HANDLE",8302,PC,0,684,18%,992,923, NARESH LOCK HOUSE ,,1,AVAILABLE
"1001-MANISH 4"" R/G-BLK HANDLE",8302,PC,0,76,18%,110,103, NARESH LOCK HOUSE ,,1,AVAILABLE
"1001-MANISH 6"" R/G-BLK HANDLE",8302,PC,0,114,18%,165,154, NARESH LOCK HOUSE ,,1,AVAILABLE
"1001-MANISH 8"" R/G-BLK HANDLE",8302,PC,0,152,18%,220,205, NARESH LOCK HOUSE ,,1,AVAILABLE
"ROUND PIPE 1"" HEAVY 12FT",7304,PC,0,290,18%,421,392, NARESH LOCK HOUSE ,,1,AVAILABLE
"ROUND PIPE 3/4"" HEAVY 12FT",8302,PC,0,220,18%,319,297, NARESH LOCK HOUSE ,,1,AVAILABLE
17MM PROFILE F102-CONC-OMSAI,9405,PC,0,25,18%,37,35, OM SAI RAM LIGHTS ,,1,AVAILABLE
25MM PROFILE CONC-OMSAI,9405,PC,0,52,18%,78,73, OM SAI RAM LIGHTS ,,1,AVAILABLE
JNL GANAPATHI GANESH-305,9405,PC,0,450,18%,675,630, OM SAI RAM LIGHTS ,,1,AVAILABLE
JNL MASHA ALLAH-309,9405,PC,0,540,18%,810,756, OM SAI RAM LIGHTS ,,1,AVAILABLE
JNL MASHA ALLAH-324,9405,PC,0,440,18%,660,616, OM SAI RAM LIGHTS ,,1,AVAILABLE
OM SAI 120LED STRIP NONWARRANTY(MTR),9405,PC,0,16,18%,24,22, OM SAI RAM LIGHTS ,,1,AVAILABLE
OM SAI 320LED COB STRIP-12V(10AMP-10MTR),9405,PC,0,500,18%,750,700, OM SAI RAM LIGHTS ,,1,AVAILABLE
OM SAI 32STEP CONTROLLER,9405,PC,0,900,18%,1350,1260, OM SAI RAM LIGHTS ,,1,AVAILABLE
OM SAI 5W WP STRICKER,9405,PC,0,60,18%,90,84, OM SAI RAM LIGHTS ,,1,AVAILABLE
"OM SAI 9""DUPLEX",9405,PC,0,240,18%,360,336, OM SAI RAM LIGHTS ,,1,AVAILABLE
OM SAI CUBE CLEAR,9405,PC,0,575,18%,862,805, OM SAI RAM LIGHTS ,,1,AVAILABLE
OM SAI CUBE MILKY,9405,PC,0,525,18%,787,735, OM SAI RAM LIGHTS ,,1,AVAILABLE
OM SAI DIRECT 220V 240LED STRIP (MTR),9405,PC,0,48,18%,72,67, OM SAI RAM LIGHTS ,,1,AVAILABLE
PAKSH 120LED STRIP WARRANTY(MTR),9405,PC,0,30,18%,45,42, OM SAI RAM LIGHTS ,,1,AVAILABLE
PL-776 6W BK+RG 3IN1 (MDU) MIRROR LITE,9405,PC,0,513,18%,769,718, OM SAI RAM LIGHTS ,,1,AVAILABLE
Q-228-AB DOOR LOCK,8301,PC,2420,1571,18%,2277,2120, P.R.ENTERPRISES ,,1,AVAILABLE
Q-244-JBM,8301,PC,4940,3206,18%,4649,4328, P.R.ENTERPRISES ,,1,AVAILABLE
Q-258-ABM(VALLIANT),8301,PC,3235,2100,18%,3044,2834, P.R.ENTERPRISES ,,1,AVAILABLE
Q-5002-OR-ABM/W,8301,PC,3850,2499,18%,3623,3373, P.R.ENTERPRISES ,,1,AVAILABLE
"QUBA 12"" WHEEL SET",8302,PC,400,174,18%,252,235, P.R.ENTERPRISES ,,1,AVAILABLE
"QUBA 14"" WHEEL SET",8302,PC,470,203,18%,294,274, P.R.ENTERPRISES ,,1,AVAILABLE
"QUBA 16"" WHEEL SET",8302,PC,535,224,18%,325,302, P.R.ENTERPRISES ,,1,AVAILABLE
"QUBA 18"" WHEEL SET",8302,PC,600,252,18%,365,340, P.R.ENTERPRISES ,,1,AVAILABLE
"QUBA 20"" WHEEL SET",8302,PC,670,290,18%,421,392, P.R.ENTERPRISES ,,1,AVAILABLE
QUBA Q-223-IV DOOR LOCK,8301,PC,1220,792,18%,1148,1069, P.R.ENTERPRISES ,,1,AVAILABLE
QUBA Q-223-SS DOOR LOCK,8301,PC,1460,948,18%,1374,1279, P.R.ENTERPRISES ,,1,AVAILABLE
QUBA Q-224 NIGHT LATCH DEAD LOCK 2SIDE KEY,8301,PC,1265,821,18%,1190,1108, P.R.ENTERPRISES ,,1,AVAILABLE
QUBA Q-235-JBM LOCK,8301,PC,10655,6915,18%,10027,9335, P.R.ENTERPRISES ,,1,AVAILABLE
QUBA Q-240-ABM TRIDENT DEAD LOCK,8301,PC,5055,3281,18%,4757,4429, P.R.ENTERPRISES ,,1,AVAILABLE
QUBA Q-244-RG TRIDENT DEAD LOCK,8301,PC,5340,3466,18%,5025,4679, P.R.ENTERPRISES ,,1,AVAILABLE
QUBA Q-254-AB DOOR LOCK,8301,PC,2600,1687,18%,2447,2278, P.R.ENTERPRISES ,,1,AVAILABLE
QUBA Q-256-AB DOOR LOCK,8301,PC,3350,2174,18%,3153,2935, P.R.ENTERPRISES ,,1,AVAILABLE
QUBA Q-457-10KK-ABM/GP,8301,PC,3950,2564,18%,3717,3461, P.R.ENTERPRISES ,,1,AVAILABLE
QUBA Q-457-10KK-SS/CP,8301,PC,3750,2434,18%,3529,3286, P.R.ENTERPRISES ,,1,AVAILABLE
QUBA Q-458-10KK-ABM/GP,8301,PC,4120,2674,18%,3877,3610, P.R.ENTERPRISES ,,1,AVAILABLE
QUBA Q-459-10KK-ABM/GP,8301,PC,3730,2045,18%,2966,2761, P.R.ENTERPRISES ,,1,AVAILABLE
QUBA Q-807-KY-AB LOCK,8301,PC,1540,999,18%,1449,1349, P.R.ENTERPRISES ,,1,AVAILABLE
QUBA Q-807-KY-GP LOCK,8301,PC,1740,1129,18%,1637,1525, P.R.ENTERPRISES ,,1,AVAILABLE
QUBA Q-807-KY-JBM LOCK,8301,PC,1740,1129,18%,1637,1525, P.R.ENTERPRISES ,,1,AVAILABLE
QUBA Q-807-KY-RG LOCK,8301,PC,1740,1129,18%,1637,1525, P.R.ENTERPRISES ,,1,AVAILABLE
QUBA Q-808-08KK-SSM LOCK,8301,PC,2280,1480,18%,2146,1998, P.R.ENTERPRISES ,,1,AVAILABLE
QUBA Q-809-08KK-AB LOCK,8301,PC,2360,1532,18%,2221,2068, P.R.ENTERPRISES ,,1,AVAILABLE
QUBA Q-810-08KK-AB LOCK,8301,PC,2360,1532,18%,2221,2068, P.R.ENTERPRISES ,,1,AVAILABLE
QUBA Q-810-08KK-SSM LOCK,8301,PC,2280,1480,18%,2146,1998, P.R.ENTERPRISES ,,1,AVAILABLE
DHARAM L-BET DOUBLE LITE,8302,PC,0,6,18%,10,8, ROSE HARDWARES ,,1,AVAILABLE
DHARAM L-BET SINGLE LITE,8302,PC,0,3,18%,5,4, ROSE HARDWARES ,,1,AVAILABLE
"ROSE MARBLE TOWER BOLT 4"" SS",8302,PC,0,36,18%,52,49, ROSE HARDWARES ,,1,AVAILABLE
TCS 0 CRANK NORMAL,8302,PC,0,28,18%,58,42, ROSE HARDWARES ,,1,AVAILABLE
TCS 0 CRANK SOFTCLOSE,8302,PC,0,65,18%,125,85, ROSE HARDWARES ,,1,AVAILABLE
PP-FLUTED GL502,3925,PC,0,370,18%,659,555, ROSHAN CEILING  IMPEX ,,1,AVAILABLE
PP-FLUTED GL-506,3925,PC,0,370,18%,659,555, ROSHAN CEILING  IMPEX ,,1,AVAILABLE
PP-FLUTED W502,3925,PC,0,340,18%,605,510, ROSHAN CEILING  IMPEX ,,1,AVAILABLE
PP-FLUTED W506,3925,PC,0,340,18%,605,510, ROSHAN CEILING  IMPEX ,,1,AVAILABLE
PP-FLUTED W507,3925,PC,0,340,18%,605,510, ROSHAN CEILING  IMPEX ,,1,AVAILABLE
PP-FLUTED W510,3925,PC,0,340,18%,605,510, ROSHAN CEILING  IMPEX ,,1,AVAILABLE
PP-FLUTED W525,3925,PC,0,340,18%,605,510, ROSHAN CEILING  IMPEX ,,1,AVAILABLE
WPC LOUVER 9.5FT*6INCH ROSHAN,3925,PC,0,340,18%,605,510, ROSHAN CEILING  IMPEX ,,1,AVAILABLE
JNL T88 RGB,9405,PC,0,680,18%,986,918, JAY LIGHTS ,,1,AVAILABLE
JNL T88 WW,9405,PC,0,610,18%,884,823, JAY LIGHTS ,,1,AVAILABLE
JNL W88 WW,9405,PC,0,610,18%,884,823, JAY LIGHTS ,,1,AVAILABLE
STURLITE 20W EMERGENCY BATTEN 4FEET,9405,PC,0,471,18%,684,637, ROYAL ELECTRICALS ,,1,AVAILABLE
STURLITE AURORA 50W BULB WH,9405,PC,0,332,18%,482,448, ROYAL ELECTRICALS ,,1,AVAILABLE
STURLITE AURORA 50W BULB WW,9405,PC,0,344,18%,498,464, ROYAL ELECTRICALS ,,1,AVAILABLE
STURLITE CIVIC 3IN1 BATTEN,9405,PC,0,254,18%,369,343, ROYAL ELECTRICALS ,,1,AVAILABLE
STURLITE CRISSA 1FEET BATTEN-6W,9405,PC,0,86,18%,125,116, ROYAL ELECTRICALS ,,1,AVAILABLE
STURLITE CRISSA 2FEET BATTEN-12W,9405,PC,0,103,18%,149,138, ROYAL ELECTRICALS ,,1,AVAILABLE
STURLITE DYSEN 24W STREET LITE,9405,PC,0,424,18%,615,573, ROYAL ELECTRICALS ,,1,AVAILABLE
STURLITE DYSEN 36W STREET LITE,9405,PC,0,609,18%,883,822, ROYAL ELECTRICALS ,,1,AVAILABLE
STURLITE FYRE 40W BATTEN-WH,9405,PC,0,258,18%,374,348, ROYAL ELECTRICALS ,,1,AVAILABLE
STURLITE INVERER 10W 4HR EMERGENCY,9405,PC,0,197,18%,286,266, ROYAL ELECTRICALS ,,1,AVAILABLE
STURLITE KLIN 2WAY 2820 UP DOWN,9405,PC,0,166,18%,241,224, ROYAL ELECTRICALS ,,1,AVAILABLE
STURLITE LIV 10W BULB WW,9405,PC,0,29,18%,42,39, ROYAL ELECTRICALS ,,1,AVAILABLE
STURLITE NURO 40W BATTEN-WW,9405,PC,0,373,18%,541,504, ROYAL ELECTRICALS ,,1,AVAILABLE
STURLITE NYO 15W JN-SPOT BOX WHITE,9405,PC,0,210,18%,304,283, ROYAL ELECTRICALS ,,1,AVAILABLE
STURLITE NYO 8W JN BOX WHITE,9405,PC,0,120,18%,174,162, ROYAL ELECTRICALS ,,1,AVAILABLE
STURLITE OCCO 7W CONE BOX,9405,PC,0,80,18%,116,108, ROYAL ELECTRICALS ,,1,AVAILABLE
STURLITE REX 3W 3IN1 JN BOX,9405,PC,0,80,18%,116,108, ROYAL ELECTRICALS ,,1,AVAILABLE
STURLITE REX 3W JUN LED-2025,9405,PC,0,50,18%,73,68, ROYAL ELECTRICALS ,,1,AVAILABLE
STURLITE SLIO 22W BATTEN-WW,9405,PC,0,83,18%,121,112, ROYAL ELECTRICALS ,,1,AVAILABLE
STURLITE SPRYNGS SCREW MAGNET,9405,PC,0,54,18%,78,73, ROYAL ELECTRICALS ,,1,AVAILABLE
"RRH 11""CYL BMH-1001 BRASS LOCK",8302,PC,0,1828,18%,2651,2468, RR HARDWARE AND MANUFA ,,1,AVAILABLE
RRH 6MM GLASS DOUBLE BEARING WHEEL,8302,PC,0,16,18%,23,22, RR HARDWARE AND MANUFA ,,1,AVAILABLE
"RRH 8""CYL SMH-3008 SS GLOSS LOCK",8302,PC,0,718,18%,1041,969, RR HARDWARE AND MANUFA ,,1,AVAILABLE
"RRH 8""CYL ZMH-2001 ANT-SATIN ROSE LOCK",8302,PC,0,896,18%,1299,1210, RR HARDWARE AND MANUFA ,,1,AVAILABLE
RRH CENTRE SUPPORT-HEAVY (2PC),8302,PC,0,41,18%,60,56, RR HARDWARE AND MANUFA ,,1,AVAILABLE
RRH CENTRE SUPPORT-LITE (2PC),8302,PC,0,28,18%,40,37, RR HARDWARE AND MANUFA ,,1,AVAILABLE
"RRH L-BET DOUBLE 1""",8302,PC,0,7,18%,10,9, RR HARDWARE AND MANUFA ,,1,AVAILABLE
"RRH L-BET DOUBLE 3/4""",8302,PC,0,5,18%,7,6, RR HARDWARE AND MANUFA ,,1,AVAILABLE
"RRH L-BET SINGLE 1/2""",8302,PC,0,2,18%,3,3, RR HARDWARE AND MANUFA ,,1,AVAILABLE
"RRH WALL TO WALL 1""CONCEAL(2PC)",8302,PC,0,46,18%,66,62, RR HARDWARE AND MANUFA ,,1,AVAILABLE
INV. ORITA 20W STREET LITE BULKET,6405,PC,0,350,18%,508,473, SAI KUMARAN TRADERS ,,1,AVAILABLE
15407 GATE LTE E27 BULB,9405,PC,0,735,18%,1103,1029, SHIV LIGHTS ,,1,AVAILABLE
205-1 GLASS WALL LIGHT,9405,PC,0,425,18%,637,595, SHIV LIGHTS ,,1,AVAILABLE
2093 400MM CEALING,9405,PC,0,1800,18%,2700,2520, SHIV LIGHTS ,,1,AVAILABLE
2772 WW+RGB WALL LIGHT,9405,PC,0,450,18%,675,630, SHIV LIGHTS ,,1,AVAILABLE
6105 E27 WALL LITE,9405,PC,0,280,18%,420,392, SHIV LIGHTS ,,1,AVAILABLE
614-1 GLASS WALL LIGHT,9405,PC,0,740,18%,1110,1036, SHIV LIGHTS ,,1,AVAILABLE
616-1 GLASS WALL LIGHT,9405,PC,0,812,18%,1218,1137, SHIV LIGHTS ,,1,AVAILABLE
6673-3B HL,9405,PC,0,1820,18%,2730,2548, SHIV LIGHTS ,,1,AVAILABLE
7003-9018 E27 WALL LITE,9405,PC,0,350,18%,525,490, SHIV LIGHTS ,,1,AVAILABLE
790/5+1 CEALING,9405,PC,0,2600,18%,3900,3640, SHIV LIGHTS ,,1,AVAILABLE
9016 E27 WALL LITE,9405,PC,0,350,18%,525,490, SHIV LIGHTS ,,1,AVAILABLE
9023 WALL LITE APL 9020,9405,PC,0,350,18%,525,490, SHIV LIGHTS ,,1,AVAILABLE
9675-400*400 CHANDLIER,9405,PC,0,3000,18%,4500,4200, SHIV LIGHTS ,,1,AVAILABLE
CD10425 E27 WALL,9405,PC,0,950,18%,1425,1330, SHIV LIGHTS ,,1,AVAILABLE
PL-595-12W WOODY CUBE CYLINDER,9405,PC,0,360,18%,540,504, SHIV LIGHTS ,,1,AVAILABLE
PL-597 12W BK+RG ADOR CUBE ADJUSTABLE WOODYPL-597,9405,PC,0,380,18%,570,532, SHIV LIGHTS ,,1,AVAILABLE
PL-776 6W PKW+RG 3C MIRROR LITE,9405,PC,0,380,18%,570,532, SHIV LIGHTS ,,1,AVAILABLE
PLITE PL-441/1W 1W BUTTON BK+RGD,9405,PC,0,80,18%,120,112, SHIV LIGHTS ,,1,AVAILABLE
PLITE PL-441/3W BUTTON BK+RGD,9405,PC,0,95,18%,142,133, SHIV LIGHTS ,,1,AVAILABLE
PLITE PL-767-766 ALLAHU MASHA ALLAH,9405,PC,0,320,18%,480,448, SHIV LIGHTS ,,1,AVAILABLE
XL318 XL320 200MM ROTATING,9405,PC,0,450,18%,675,630, SHIV LIGHTS ,,1,AVAILABLE
"3233-3232 MAX ROZER 8"" ANT+PVD GD",8302,PC,0,650,18%,943,878, SHRI HARI MARKETING ,,1,AVAILABLE
"8040 TOWEL RACK 24"" DELUXE ARTWILL",7324,PC,0,1320,18%,1914,1782, SHRI HARI MARKETING ,,1,AVAILABLE
9060 BR TOWEL RACK SQUARE-ARTWILL2,8302,PC,0,1070,18%,1552,1445, SHRI HARI MARKETING ,,1,AVAILABLE
ARTWILL CAPSULE 25*300 SS ANT RGD,8302,PC,0,520,18%,754,702, SHRI HARI MARKETING ,,1,AVAILABLE
ARTWILL CREZA 6PIN BLACK GOLD,8302,PC,0,264,18%,383,356, SHRI HARI MARKETING ,,1,AVAILABLE
ARTWILL CREZA 8PIN BLACK GOLD,8302,PC,0,352,18%,510,475, SHRI HARI MARKETING ,,1,AVAILABLE
ARTWILL DUCK 6PIN-ANT,8302,PC,0,246,18%,357,332, SHRI HARI MARKETING ,,1,AVAILABLE
ARTWILL DUCK 6PIN-ROSE,8302,PC,0,324,18%,470,437, SHRI HARI MARKETING ,,1,AVAILABLE
ARTWILL DUCK 6PIN-SS,8302,PC,0,192,18%,278,259, SHRI HARI MARKETING ,,1,AVAILABLE
ARTWILL DUCK 8PIN SS,8302,PC,0,224,18%,325,302, SHRI HARI MARKETING ,,1,AVAILABLE
ARTWILL FITJI DOOR STOPPER ANT,8302,PC,0,100,18%,145,135, SHRI HARI MARKETING ,,1,AVAILABLE
"ARTWILL KIA25*375MM ROSE 15""HANDLE",8302,PC,0,820,18%,1189,1107, SHRI HARI MARKETING ,,1,AVAILABLE
ARTWILL LIQUID DISPENSER-CP,7324,PC,0,370,18%,537,500, SHRI HARI MARKETING ,,1,AVAILABLE
ARTWILL LIQUID DISPENSER-GD-BLK,7324,PC,0,420,18%,609,567, SHRI HARI MARKETING ,,1,AVAILABLE
ARTWILL TESLA 3PIN W TYPE-ROSE,8302,PC,0,210,18%,305,284, SHRI HARI MARKETING ,,1,AVAILABLE
ARTWILL TESLA 4PIN W TYPE-ANT,8302,PC,0,280,18%,406,378, SHRI HARI MARKETING ,,1,AVAILABLE
ARTWILL TRUNK 6PIN ANT,8302,PC,0,168,18%,244,227, SHRI HARI MARKETING ,,1,AVAILABLE
ARTWILL TRUNK 6PIN BLACK,8302,PC,0,216,18%,313,292, SHRI HARI MARKETING ,,1,AVAILABLE
ARTWILL TRUNK 6PIN R/G,8302,PC,0,216,18%,313,292, SHRI HARI MARKETING ,,1,AVAILABLE
ARTWILL TRUNK 8PIN ANT,8302,PC,0,224,18%,325,302, SHRI HARI MARKETING ,,1,AVAILABLE
ARTWILL TRUNK 8PIN BLACK,8302,PC,0,288,18%,417,389, SHRI HARI MARKETING ,,1,AVAILABLE
ARTWILL TRUNK 8PIN R/G,8302,PC,0,288,18%,417,389, SHRI HARI MARKETING ,,1,AVAILABLE
ARTWILL VENUS 6PIN BLACK GOLD,8302,PC,0,300,18%,435,405, SHRI HARI MARKETING ,,1,AVAILABLE
ARTWILL VENUS 6PIN COPPER R/G,8302,PC,0,300,18%,435,405, SHRI HARI MARKETING ,,1,AVAILABLE
ARTWILL VENUS 6PIN SATIN GOLD,8302,PC,0,300,18%,435,405, SHRI HARI MARKETING ,,1,AVAILABLE
ARTWILL VENUS 8PIN COPPER R/G,8302,PC,0,440,18%,638,594, SHRI HARI MARKETING ,,1,AVAILABLE
BRIGHT BR2031-300MM RGD HANDLE,8302,PC,0,2100,18%,3045,2835, SHRI HARI MARKETING ,,1,AVAILABLE
"BRIGHT BR2630 -12"" GLASS SHELF",7324,PC,0,700,18%,1015,945, SHRI HARI MARKETING ,,1,AVAILABLE
"BRIGHT BR2630 -15""GLASS SHELF",7324,PC,0,850,18%,1233,1148, SHRI HARI MARKETING ,,1,AVAILABLE
"BRIGHT BR2640 -10""GLASS CORNER",7324,PC,0,850,18%,1233,1148, SHRI HARI MARKETING ,,1,AVAILABLE
BRIGHT BR7273-300MM ANT HANDLE,8302,PC,0,1150,18%,1668,1553, SHRI HARI MARKETING ,,1,AVAILABLE
JE-102-BU JET 304SS TOWEL ROD 2FT-SQ,7324,PC,0,540,18%,783,729, SHRI HARI MARKETING ,,1,AVAILABLE
JE-104-BU JET 304SS SOAP DISH,7324,PC,0,321,18%,465,433, SHRI HARI MARKETING ,,1,AVAILABLE
JE-106-BU JET 304SS DOUBLE SOAP DISH,7324,PC,0,510,18%,739,688, SHRI HARI MARKETING ,,1,AVAILABLE
JE-107-BU JET 304SS SOAP WITH TUMBLER,7324,PC,0,570,18%,826,769, SHRI HARI MARKETING ,,1,AVAILABLE
KI-102-BU KICK 304SS TOWEL ROD 2FT-RD,8302,PC,0,485,18%,703,655, SHRI HARI MARKETING ,,1,AVAILABLE
SAH UDAYA 3*16 SS HEEL,8302,PC,0,20,18%,30,27, SRI ALUMINIUM HOUSE PRIVATE LIMITED ,,1,AVAILABLE
WICKER 16*20*8 APOLLO HETTICH,4401,PC,0,2700,18%,3915,3645, SRI SHIVANI ENTERPRISE ,,1,AVAILABLE
WICKER 24*20*6 APOLLO HETTICH 600MM,4602,PC,0,2980,18%,4321,4023, SRI SHIVANI ENTERPRISE ,,1,AVAILABLE
WICKER 24*20*8 APOLLO HETTICH 600MM,4602,PC,0,3050,18%,4423,4118, SRI SHIVANI ENTERPRISE ,,1,AVAILABLE
SUGANA 180 DEG HINGES 165-155,8302,PC,0,160,18%,232,216, SUGANA HARDWARES ,,1,AVAILABLE
SUGANA BASKET CLIP SET,8302,PC,0,28,18%,41,38, SUGANA HARDWARES ,,1,AVAILABLE
SUGANA CABLE MANAGER SGH39,8302,PC,0,9,18%,13,12, SUGANA HARDWARES ,,1,AVAILABLE
SUGANA LOCK PLATE SGH69,8302,PC,0,1,18%,2,2, SUGANA HARDWARES ,,1,AVAILABLE
SUGANA PVC SHELF SUPPORT WOOD SGH61,8302,PC,0,1,18%,1,1, SUGANA HARDWARES ,,1,AVAILABLE
SUGANA PVC SOFA LEG,3926,PC,0,14,18%,20,19, SUGANA HARDWARES ,,1,AVAILABLE
ZINNIA SPIDER 10MM SELF STRIP(5MTR),8302,PC,0,159,18%,231,215, V.G.TECHNO TRADERS ,,1,AVAILABLE
ZINNIA SPIDER 15MM SELF STRIP(5MTR),8302,PC,0,191,18%,277,258, V.G.TECHNO TRADERS ,,1,AVAILABLE
ZINNIA SPIDER 20MM SELF STRIP,8302,PC,0,223,18%,323,301, V.G.TECHNO TRADERS ,,1,AVAILABLE
ZINNIA SPIDER 25MM SELF STRIP (5MTR),8302,PC,0,255,18%,370,344, V.G.TECHNO TRADERS ,,1,AVAILABLE
ZINNIA SPIDER 30MM SELF STRIP(5MTR),8302,PC,0,271,18%,393,366, V.G.TECHNO TRADERS ,,1,AVAILABLE
ZINNIA SPIDER 50MM SELF STRIP(5MTR),8302,PC,0,391,18%,567,528, V.G.TECHNO TRADERS ,,1,AVAILABLE
"PAWAN 10"" (12MM ROUND TOWER BOLT) ANT",8302,PC,0,230,18%,334,311, VARDHAMAN ENTERPRISES ,,1,AVAILABLE
"PAWAN 10"" (12MM XYLO ANTIQ)TB-2025",8302,PC,0,240,18%,348,324, VARDHAMAN ENTERPRISES ,,1,AVAILABLE
"PAWAN 10"" (9MM XYLO) ANT TOWER BOLT",8302,PC,0,163,18%,236,220, VARDHAMAN ENTERPRISES ,,1,AVAILABLE
"PAWAN 10"" (9MM XYLO) SS TOWER BOLT",8302,PC,0,150,18%,218,203, VARDHAMAN ENTERPRISES ,,1,AVAILABLE
"PAWAN 12"" (12MM ROUND TOWER BOLT) ANT",8302,PC,0,264,18%,383,356, VARDHAMAN ENTERPRISES ,,1,AVAILABLE
"PAWAN 4"" (12MM ROUND TOWER BOLT)SS",8302,PC,0,78,18%,113,105, VARDHAMAN ENTERPRISES ,,1,AVAILABLE
"PAWAN 4"" (9MM XYLO TOWER BOLT) ANT",8302,PC,0,72,18%,104,97, VARDHAMAN ENTERPRISES ,,1,AVAILABLE
"PAWAN 4"" (9MM XYLO TOWER BOLT) BLACK",8302,PC,0,80,18%,116,108, VARDHAMAN ENTERPRISES ,,1,AVAILABLE
"PAWAN 4"" (9MM XYLO) SS TOWER BOLT",8302,PC,0,60,18%,87,81, VARDHAMAN ENTERPRISES ,,1,AVAILABLE
"PAWAN 4"" BABY LATCH ANT (SQUARE MOD)",8302,PC,0,112,18%,162,151, VARDHAMAN ENTERPRISES ,,1,AVAILABLE
"PAWAN 4"" BABY LATCH SS (SQUARE MOD)",8302,PC,0,104,18%,151,140, VARDHAMAN ENTERPRISES ,,1,AVAILABLE
"PAWAN 6"" (12MM ROUND TOWER BOLT)SS",8302,PC,0,120,18%,174,162, VARDHAMAN ENTERPRISES ,,1,AVAILABLE
"PAWAN 6"" (12MM XYLO ANTIQ)TB-2025",8302,PC,0,144,18%,209,194, VARDHAMAN ENTERPRISES ,,1,AVAILABLE
"PAWAN 6"" (12MM XYLO T.BOLT) SS",8302,PC,0,168,18%,244,227, VARDHAMAN ENTERPRISES ,,1,AVAILABLE
"PAWAN 6"" (9MM XYLO TOWER BOLT) ANT",8302,PC,0,108,18%,157,146, VARDHAMAN ENTERPRISES ,,1,AVAILABLE
"PAWAN 6"" (9MM XYLO TOWER BOLT) BLACK",8302,PC,0,138,18%,200,186, VARDHAMAN ENTERPRISES ,,1,AVAILABLE
"PAWAN 6"" (9MM XYLO TOWER BOLT) SS",8302,PC,0,105,18%,152,142, VARDHAMAN ENTERPRISES ,,1,AVAILABLE
"PAWAN 8"" (12MM ROUND TOWER BOLT)SS",8302,PC,0,156,18%,227,211, VARDHAMAN ENTERPRISES ,,1,AVAILABLE
"PAWAN 8"" (12MM XYLO TOWER BOLT) ANT",8302,PC,0,240,18%,348,324, VARDHAMAN ENTERPRISES ,,1,AVAILABLE
"PAWAN 8"" (9MM XYLO TOWER BOLT) ANT",8302,PC,0,144,18%,209,194, VARDHAMAN ENTERPRISES ,,1,AVAILABLE
"PAWAN 8"" (9MM XYLO TOWER BOLT) BLACK",8302,PC,0,185,18%,268,250, VARDHAMAN ENTERPRISES ,,1,AVAILABLE
"PAWAN 8"" (9MM XYLO TOWER BOLT) SS",8302,PC,0,140,18%,203,189, VARDHAMAN ENTERPRISES ,,1,AVAILABLE
VENITAS 10MM SILICON PROFILE-WW,9405,PC,0,120,18%,180,168, VENITAS LIGHTING CO ,,1,AVAILABLE
VENITAS 16MM SILICON PROFILE-WW,9405,PC,0,195,18%,293,273, VENITAS LIGHTING CO ,,1,AVAILABLE
"VENITAS GL 7"" NEON",9405,PC,0,520,18%,780,728, VENITAS LIGHTING CO ,,1,AVAILABLE
VENITAS GL ELISON GRILL B-22,9405,PC,0,520,18%,780,728, VENITAS LIGHTING CO ,,1,AVAILABLE
VENITAS KESAR 2IN1 RGB+B22 HOLDER GATE,9405,PC,0,320,18%,480,448, VENITAS LIGHTING CO ,,1,AVAILABLE
VENITAS SILICON PROFILE ADAPTER,9405,PC,0,55,18%,83,77, VENITAS LIGHTING CO ,,1,AVAILABLE
VENITASS 15W+5W HYBIS GL 3IN1,9405,PC,0,600,18%,900,840, VENITAS LIGHTING CO ,,1,AVAILABLE
VENITASS OPPO ELITE-B22 GATE LITE,9405,PC,0,320,18%,480,448, VENITAS LIGHTING CO ,,1,AVAILABLE
VENITAS SILICON PROFILE CLIP 16MM,9405,PC,0,10,18%,15,14, VENITAS LIGHTING CO ,,1,AVAILABLE
VENITAS NEON COB ADAPTER,9405,PC,0,120,18%,150,140, VENITAS LIGHTING CO ,,1,AVAILABLE
VENITAS NEON COB ROPE LIGHT WW-40MTR,9405,PC,0,100,18%,150,140, VENITAS LIGHTING CO ,,1,AVAILABLE
VENITASS ERA GL-B22,9405,PC,0,560,18%,840,784, VENITAS LIGHTING CO ,,1,AVAILABLE
168B WL,9405,PC,0,370,18%,555,518, VISHNU IMPEX ,,1,AVAILABLE
2018/8+1 CL,9405,PC,0,3900,18%,5850,5460, VISHNU IMPEX ,,1,AVAILABLE
21757B 300+500M RGB HL,9405,PC,0,4090,18%,6135,5726, VISHNU IMPEX ,,1,AVAILABLE
9162-1CL WL,9405,PC,0,2030,18%,3045,2842, VISHNU IMPEX ,,1,AVAILABLE
9278-1CL+CR WL,9405,PC,0,1925,18%,2887,2695, VISHNU IMPEX ,,1,AVAILABLE
9374-1 WL,9405,PC,0,1850,18%,2775,2590, VISHNU IMPEX ,,1,AVAILABLE
9902 WL BIG,9405,PC,0,850,18%,1275,1190, VISHNU IMPEX ,,1,AVAILABLE
B332B WL,9405,PC,0,345,18%,518,483, VISHNU IMPEX ,,1,AVAILABLE
EUROPA F160IV CUPBOARD LOCK ,8301,PC,335,227,18%,329,307, WELMADE LOCKING SYSTEMS PVT LTD ,,1,AVAILABLE
EUROPA F155IV DRAWER LOCK,8301,PC,247,167,18%,243,226, WELMADE LOCKING SYSTEMS PVT LTD ,,1,AVAILABLE
GEBE1207-3IN1 300MM BK+GD,9405,PC,0,780,18%,1300,1170, JAY LIGHTS ,,1,AVAILABLE
GEBE1207-3IN1 400MM BK+GD,9405,PC,0,1300,18%,2200,1950, JAY LIGHTS ,,1,AVAILABLE
GEBE1207-3IN1 500MM BK+GD,9405,PC,0,1850,18%,3200,2775, JAY LIGHTS ,,1,AVAILABLE
GEBE1207-3IN1 600MM BK+GD,9405,PC,0,2900,18%,4800,4350, JAY LIGHTS ,,1,AVAILABLE
GEBE1207-3IN1 300MM GD+GD,9405,PC,0,780,18%,1300,1170, JAY LIGHTS ,,1,AVAILABLE
GEBE1207-3IN1 400MM GD+GD,9405,PC,0,1300,18%,2200,1950, JAY LIGHTS ,,1,AVAILABLE
GEBE1207-3IN1 500MM GD+GD,9405,PC,0,1850,18%,3200,2775, JAY LIGHTS ,,1,AVAILABLE
GEBE1207-3IN1 600MM GD+GD,9405,PC,0,2900,18%,4800,4350, JAY LIGHTS ,,1,AVAILABLE
GEBE1207-RGB ROTATE 300MM BK+GD,9405,PC,0,1250,18%,2100,1875, JAY LIGHTS ,,1,AVAILABLE
GEBE1207-RGB ROTATE 400MM BK+GD,9405,PC,0,1600,18%,2700,2400, JAY LIGHTS ,,1,AVAILABLE
GEBE1207-RGB ROTATE 500MM BK+GD,9405,PC,0,2050,18%,3400,3075, JAY LIGHTS ,,1,AVAILABLE
GEBE1207-RGB ROTATE 600MM BK+GD,9405,PC,0,2600,18%,5200,4500, JAY LIGHTS ,,1,AVAILABLE
GEBE1207-RGB ROTATE 300MM GD+GD,9405,PC,0,1250,18%,2100,1875, JAY LIGHTS ,,1,AVAILABLE
GEBE1207-RGB ROTATE 400MM GD+GD,9405,PC,0,1600,18%,2700,2400, JAY LIGHTS ,,1,AVAILABLE
GEBE1207-RGB ROTATE 500MM GD+GD,9405,PC,0,2050,18%,3400,3075, JAY LIGHTS ,,1,AVAILABLE
GEBE1207-RGB ROTATE 600MM GD+GD,9405,PC,0,2600,18%,5200,4500, JAY LIGHTS ,,1,AVAILABLE
